{
	"format_version": "1.12.0",
	"minecraft:geometry": [
		{
			"description": {
				"identifier": "geometry.rpg7 - Converted",
				"texture_width": 32,
				"texture_height": 32,
				"visible_bounds_width": 5,
				"visible_bounds_height": 2.5,
				"visible_bounds_offset": [0, 0.75, 0]
			},
			"bones": [
				{
					"name": "root",
					"pivot": [0, 3, -2]
				},
				{
					"name": "mag_hand",
					"parent": "root",
					"pivot": [0, 5.5, -8.15]
				},
				{
					"name": "rocket",
					"parent": "mag_hand",
					"pivot": [0, 2, 0]
				},
				{
					"name": "rocket_head",
					"parent": "rocket",
					"pivot": [0, -0.54687, -8.375],
					"cubes": [
						{
							"origin": [-0.25, -1.40343, -6.225],
							"size": [0.5, 1.70685, 4.2],
							"pivot": [0, -0.55, -4.125],
							"rotation": [-45, -90, 0],
							"uv": {
								"north": {"uv": [7, 12], "uv_size": [1, 2]},
								"east": {"uv": [8, 6], "uv_size": [4, 2]},
								"south": {"uv": [22, 4], "uv_size": [1, 2]},
								"west": {"uv": [8, 8], "uv_size": [4, 2]},
								"up": {"uv": [6, 16], "uv_size": [1, 4]},
								"down": {"uv": [7, 20], "uv_size": [1, -4]}
							}
						},
						{
							"origin": [-0.25, -1.40343, -6.225],
							"size": [0.5, 1.70685, 4.2],
							"pivot": [0, -0.55, -4.125],
							"rotation": [0, -90, 0],
							"uv": {
								"north": {"uv": [8, 22], "uv_size": [1, 2]},
								"east": {"uv": [0, 10], "uv_size": [4, 2]},
								"south": {"uv": [14, 22], "uv_size": [1, 2]},
								"west": {"uv": [4, 10], "uv_size": [4, 2]},
								"up": {"uv": [8, 16], "uv_size": [1, 4]},
								"down": {"uv": [9, 20], "uv_size": [1, -4]}
							}
						},
						{
							"origin": [0.96916, -1.13383, -4.5963],
							"size": [0.5, 0.90685, 3],
							"pivot": [0.04263, -0.3054, -2.66808],
							"rotation": [7.5, -20, 0],
							"uv": {
								"north": {"uv": [27, 9], "uv_size": [1, 1]},
								"east": {"uv": [4, 12], "uv_size": [3, 1]},
								"south": {"uv": [12, 27], "uv_size": [1, 1]},
								"west": {"uv": [4, 13], "uv_size": [3, 1]},
								"up": {"uv": [16, 3], "uv_size": [1, 3]},
								"down": {"uv": [14, 19], "uv_size": [1, -3]}
							}
						},
						{
							"origin": [0.49682, -1.55, -5.78603],
							"size": [0.5, 2, 0.82843],
							"pivot": [0, -0.55, -5.37182],
							"rotation": [0, 90, 0],
							"uv": {
								"north": {"uv": [22, 14], "uv_size": [1, 2]},
								"east": {"uv": [16, 22], "uv_size": [1, 2]},
								"south": {"uv": [17, 22], "uv_size": [1, 2]},
								"west": {"uv": [18, 22], "uv_size": [1, 2]},
								"up": {"uv": [13, 27], "uv_size": [1, 1]},
								"down": {"uv": [27, 14], "uv_size": [1, -1]}
							}
						},
						{
							"origin": [0.49682, -1.55, -5.78603],
							"size": [0.5, 2, 0.82843],
							"pivot": [0, -0.55, -5.37182],
							"rotation": [0, 90, 45],
							"uv": {
								"north": {"uv": [22, 19], "uv_size": [1, 2]},
								"east": {"uv": [20, 22], "uv_size": [1, 2]},
								"south": {"uv": [21, 22], "uv_size": [1, 2]},
								"west": {"uv": [22, 21], "uv_size": [1, 2]},
								"up": {"uv": [15, 27], "uv_size": [1, 1]},
								"down": {"uv": [16, 28], "uv_size": [1, -1]}
							}
						},
						{
							"origin": [0.49682, -0.96421, -6.37182],
							"size": [0.5, 0.82843, 2],
							"pivot": [0, -0.55, -5.37182],
							"rotation": [0, 90, 0],
							"uv": {
								"north": {"uv": [27, 17], "uv_size": [1, 1]},
								"east": {"uv": [0, 23], "uv_size": [2, 1]},
								"south": {"uv": [18, 27], "uv_size": [1, 1]},
								"west": {"uv": [23, 0], "uv_size": [2, 1]},
								"up": {"uv": [23, 1], "uv_size": [1, 2]},
								"down": {"uv": [2, 25], "uv_size": [1, -2]}
							}
						},
						{
							"origin": [0.49682, -0.96421, -6.37182],
							"size": [0.5, 0.82843, 2],
							"pivot": [0, -0.55, -5.37182],
							"rotation": [0, 90, 45],
							"uv": {
								"north": {"uv": [27, 18], "uv_size": [1, 1]},
								"east": {"uv": [3, 23], "uv_size": [2, 1]},
								"south": {"uv": [19, 27], "uv_size": [1, 1]},
								"west": {"uv": [23, 4], "uv_size": [2, 1]},
								"up": {"uv": [23, 5], "uv_size": [1, 2]},
								"down": {"uv": [11, 25], "uv_size": [1, -2]}
							}
						},
						{
							"origin": [0.69426, -1.03636, -7.02441],
							"size": [0.5, 0.90685, 2],
							"pivot": [0, -0.55, -5.37182],
							"rotation": [-172.5, 20, -45],
							"uv": {
								"north": {"uv": [27, 19], "uv_size": [1, 1]},
								"east": {"uv": [23, 7], "uv_size": [2, 1]},
								"south": {"uv": [27, 20], "uv_size": [1, 1]},
								"west": {"uv": [23, 11], "uv_size": [2, 1]},
								"up": {"uv": [12, 23], "uv_size": [1, 2]},
								"down": {"uv": [23, 14], "uv_size": [1, -2]}
							}
						},
						{
							"origin": [0.69426, -0.9705, -7.02441],
							"size": [0.5, 0.90685, 2],
							"pivot": [0, -0.55, -5.37182],
							"rotation": [172.5, 20, -135],
							"uv": {
								"north": {"uv": [21, 27], "uv_size": [1, 1]},
								"east": {"uv": [23, 14], "uv_size": [2, 1]},
								"south": {"uv": [22, 27], "uv_size": [1, 1]},
								"west": {"uv": [23, 15], "uv_size": [2, 1]},
								"up": {"uv": [13, 23], "uv_size": [1, 2]},
								"down": {"uv": [23, 20], "uv_size": [1, -2]}
							}
						},
						{
							"origin": [0.69426, -1.03636, -7.02441],
							"size": [0.5, 0.90685, 2],
							"pivot": [0, -0.55, -5.37182],
							"rotation": [-172.5, 20, -135],
							"uv": {
								"north": {"uv": [27, 22], "uv_size": [1, 1]},
								"east": {"uv": [23, 20], "uv_size": [2, 1]},
								"south": {"uv": [27, 23], "uv_size": [1, 1]},
								"west": {"uv": [23, 21], "uv_size": [2, 1]},
								"up": {"uv": [22, 23], "uv_size": [1, 2]},
								"down": {"uv": [23, 24], "uv_size": [1, -2]}
							}
						},
						{
							"origin": [0.69426, -0.9705, -7.02441],
							"size": [0.5, 0.90685, 2],
							"pivot": [0, -0.55, -5.37182],
							"rotation": [172.5, 20, -45],
							"uv": {
								"north": {"uv": [24, 27], "uv_size": [1, 1]},
								"east": {"uv": [0, 24], "uv_size": [2, 1]},
								"south": {"uv": [27, 24], "uv_size": [1, 1]},
								"west": {"uv": [24, 1], "uv_size": [2, 1]},
								"up": {"uv": [3, 24], "uv_size": [1, 2]},
								"down": {"uv": [4, 26], "uv_size": [1, -2]}
							}
						},
						{
							"origin": [0.69426, -1.03636, -7.02441],
							"size": [0.5, 0.90685, 2],
							"pivot": [0, -0.55, -5.37182],
							"rotation": [-172.5, 20, 45],
							"uv": {
								"north": {"uv": [27, 25], "uv_size": [1, 1]},
								"east": {"uv": [24, 2], "uv_size": [2, 1]},
								"south": {"uv": [27, 26], "uv_size": [1, 1]},
								"west": {"uv": [24, 5], "uv_size": [2, 1]},
								"up": {"uv": [5, 24], "uv_size": [1, 2]},
								"down": {"uv": [8, 26], "uv_size": [1, -2]}
							}
						},
						{
							"origin": [0.69426, -0.9705, -7.02441],
							"size": [0.5, 0.90685, 2],
							"pivot": [0, -0.55, -5.37182],
							"rotation": [172.5, 20, 135],
							"uv": {
								"north": {"uv": [27, 27], "uv_size": [1, 1]},
								"east": {"uv": [24, 6], "uv_size": [2, 1]},
								"south": {"uv": [1, 28], "uv_size": [1, 1]},
								"west": {"uv": [24, 8], "uv_size": [2, 1]},
								"up": {"uv": [9, 24], "uv_size": [1, 2]},
								"down": {"uv": [24, 11], "uv_size": [1, -2]}
							}
						},
						{
							"origin": [0.69426, -1.03636, -7.02441],
							"size": [0.5, 0.90685, 2],
							"pivot": [0, -0.55, -5.37182],
							"rotation": [-172.5, 20, 135],
							"uv": {
								"north": {"uv": [28, 1], "uv_size": [1, 1]},
								"east": {"uv": [24, 12], "uv_size": [2, 1]},
								"south": {"uv": [2, 28], "uv_size": [1, 1]},
								"west": {"uv": [24, 13], "uv_size": [2, 1]},
								"up": {"uv": [10, 24], "uv_size": [1, 2]},
								"down": {"uv": [14, 26], "uv_size": [1, -2]}
							}
						},
						{
							"origin": [0.69426, -0.9705, -7.02441],
							"size": [0.5, 0.90685, 2],
							"pivot": [0, -0.55, -5.37182],
							"rotation": [172.5, 20, 45],
							"uv": {
								"north": {"uv": [28, 2], "uv_size": [1, 1]},
								"east": {"uv": [15, 24], "uv_size": [2, 1]},
								"south": {"uv": [3, 28], "uv_size": [1, 1]},
								"west": {"uv": [24, 16], "uv_size": [2, 1]},
								"up": {"uv": [17, 24], "uv_size": [1, 2]},
								"down": {"uv": [24, 19], "uv_size": [1, -2]}
							}
						},
						{
							"origin": [0.69426, -0.9705, -7.02441],
							"size": [0.5, 0.90685, 2],
							"pivot": [0, -0.55, -5.37182],
							"rotation": [172.5, 20, 0],
							"uv": {
								"north": {"uv": [4, 28], "uv_size": [1, 1]},
								"east": {"uv": [18, 24], "uv_size": [2, 1]},
								"south": {"uv": [5, 28], "uv_size": [1, 1]},
								"west": {"uv": [24, 19], "uv_size": [2, 1]},
								"up": {"uv": [20, 24], "uv_size": [1, 2]},
								"down": {"uv": [21, 26], "uv_size": [1, -2]}
							}
						},
						{
							"origin": [0.69426, -0.9705, -7.02441],
							"size": [0.5, 0.90685, 2],
							"pivot": [0, -0.55, -5.37182],
							"rotation": [172.5, 20, -90],
							"uv": {
								"north": {"uv": [28, 5], "uv_size": [1, 1]},
								"east": {"uv": [24, 22], "uv_size": [2, 1]},
								"south": {"uv": [6, 28], "uv_size": [1, 1]},
								"west": {"uv": [23, 24], "uv_size": [2, 1]},
								"up": {"uv": [0, 25], "uv_size": [1, 2]},
								"down": {"uv": [1, 27], "uv_size": [1, -2]}
							}
						},
						{
							"origin": [0.69426, -0.9705, -7.02441],
							"size": [0.5, 0.90685, 2],
							"pivot": [0, -0.55, -5.37182],
							"rotation": [172.5, 20, -180],
							"uv": {
								"north": {"uv": [28, 6], "uv_size": [1, 1]},
								"east": {"uv": [24, 23], "uv_size": [2, 1]},
								"south": {"uv": [7, 28], "uv_size": [1, 1]},
								"west": {"uv": [25, 0], "uv_size": [2, 1]},
								"up": {"uv": [2, 25], "uv_size": [1, 2]},
								"down": {"uv": [25, 5], "uv_size": [1, -2]}
							}
						},
						{
							"origin": [0.69426, -0.9705, -7.02441],
							"size": [0.5, 0.90685, 2],
							"pivot": [0, -0.55, -5.37182],
							"rotation": [172.5, 20, 90],
							"uv": {
								"north": {"uv": [28, 7], "uv_size": [1, 1]},
								"east": {"uv": [6, 25], "uv_size": [2, 1]},
								"south": {"uv": [8, 28], "uv_size": [1, 1]},
								"west": {"uv": [25, 7], "uv_size": [2, 1]},
								"up": {"uv": [25, 9], "uv_size": [1, 2]},
								"down": {"uv": [11, 27], "uv_size": [1, -2]}
							}
						},
						{
							"origin": [0.69426, -1.03636, -7.02441],
							"size": [0.5, 0.90685, 2],
							"pivot": [0, -0.55, -5.37182],
							"rotation": [-172.5, 20, 0],
							"uv": {
								"north": {"uv": [28, 8], "uv_size": [1, 1]},
								"east": {"uv": [25, 11], "uv_size": [2, 1]},
								"south": {"uv": [9, 28], "uv_size": [1, 1]},
								"west": {"uv": [12, 25], "uv_size": [2, 1]},
								"up": {"uv": [25, 14], "uv_size": [1, 2]},
								"down": {"uv": [15, 27], "uv_size": [1, -2]}
							}
						},
						{
							"origin": [0.69426, -1.03636, -7.02441],
							"size": [0.5, 0.90685, 2],
							"pivot": [0, -0.55, -5.37182],
							"rotation": [-172.5, 20, 90],
							"uv": {
								"north": {"uv": [28, 9], "uv_size": [1, 1]},
								"east": {"uv": [25, 17], "uv_size": [2, 1]},
								"south": {"uv": [10, 28], "uv_size": [1, 1]},
								"west": {"uv": [18, 25], "uv_size": [2, 1]},
								"up": {"uv": [16, 25], "uv_size": [1, 2]},
								"down": {"uv": [25, 22], "uv_size": [1, -2]}
							}
						},
						{
							"origin": [0.69426, -1.03636, -7.02441],
							"size": [0.5, 0.90685, 2],
							"pivot": [0, -0.55, -5.37182],
							"rotation": [-172.5, 20, -90],
							"uv": {
								"north": {"uv": [28, 10], "uv_size": [1, 1]},
								"east": {"uv": [25, 18], "uv_size": [2, 1]},
								"south": {"uv": [28, 11], "uv_size": [1, 1]},
								"west": {"uv": [22, 25], "uv_size": [2, 1]},
								"up": {"uv": [24, 25], "uv_size": [1, 2]},
								"down": {"uv": [25, 26], "uv_size": [1, -2]}
							}
						},
						{
							"origin": [0.69426, -1.03636, -7.02441],
							"size": [0.5, 0.90685, 2],
							"pivot": [0, -0.55, -5.37182],
							"rotation": [-172.5, 20, -180],
							"uv": {
								"north": {"uv": [12, 28], "uv_size": [1, 1]},
								"east": {"uv": [26, 1], "uv_size": [2, 1]},
								"south": {"uv": [28, 12], "uv_size": [1, 1]},
								"west": {"uv": [26, 2], "uv_size": [2, 1]},
								"up": {"uv": [3, 26], "uv_size": [1, 2]},
								"down": {"uv": [26, 5], "uv_size": [1, -2]}
							}
						},
						{
							"origin": [1.02668, -0.82034, -4.11864],
							"size": [0.5, 0.90685, 3],
							"pivot": [1.27668, -0.36691, -2.61864],
							"rotation": [-7.5, -20, 0],
							"uv": {
								"north": {"uv": [13, 28], "uv_size": [1, 1]},
								"east": {"uv": [16, 14], "uv_size": [3, 1]},
								"south": {"uv": [28, 13], "uv_size": [1, 1]},
								"west": {"uv": [15, 16], "uv_size": [3, 1]},
								"up": {"uv": [0, 17], "uv_size": [1, 3]},
								"down": {"uv": [1, 20], "uv_size": [1, -3]}
							}
						},
						{
							"origin": [-0.25, -1.55, -1.53921],
							"size": [0.5, 2, 0.82843],
							"pivot": [0, -0.55, -1.125],
							"rotation": [0, -90, 0],
							"uv": {
								"north": {"uv": [4, 26], "uv_size": [1, 2]},
								"east": {"uv": [5, 26], "uv_size": [1, 2]},
								"south": {"uv": [26, 5], "uv_size": [1, 2]},
								"west": {"uv": [6, 26], "uv_size": [1, 2]},
								"up": {"uv": [14, 28], "uv_size": [1, 1]},
								"down": {"uv": [28, 15], "uv_size": [1, -1]}
							}
						},
						{
							"origin": [0, 0.05, -0.68921],
							"size": [0.25, 0.4, 0.12843],
							"pivot": [0, -0.55, -0.875],
							"rotation": [0, -90, 0],
							"uv": {
								"north": {"uv": [15, 28], "uv_size": [1, 1]},
								"east": {"uv": [28, 15], "uv_size": [1, 1]},
								"south": {"uv": [16, 28], "uv_size": [1, 1]},
								"west": {"uv": [28, 16], "uv_size": [1, 1]},
								"up": {"uv": [17, 28], "uv_size": [1, 1]},
								"down": {"uv": [28, 18], "uv_size": [1, -1]}
							}
						},
						{
							"origin": [0, 0.05, -1.18921],
							"size": [0.25, 0.4, 0.12843],
							"pivot": [0, -0.55, -0.875],
							"rotation": [0, -90, 0],
							"uv": {
								"north": {"uv": [18, 28], "uv_size": [1, 1]},
								"east": {"uv": [28, 18], "uv_size": [1, 1]},
								"south": {"uv": [19, 28], "uv_size": [1, 1]},
								"west": {"uv": [28, 19], "uv_size": [1, 1]},
								"up": {"uv": [20, 28], "uv_size": [1, 1]},
								"down": {"uv": [28, 21], "uv_size": [1, -1]}
							}
						},
						{
							"origin": [-0.25, -1.55, -1.53921],
							"size": [0.5, 2, 0.82843],
							"pivot": [0, -0.55, -1.125],
							"rotation": [-45, -90, 0],
							"uv": {
								"north": {"uv": [7, 26], "uv_size": [1, 2]},
								"east": {"uv": [8, 26], "uv_size": [1, 2]},
								"south": {"uv": [26, 8], "uv_size": [1, 2]},
								"west": {"uv": [9, 26], "uv_size": [1, 2]},
								"up": {"uv": [21, 28], "uv_size": [1, 1]},
								"down": {"uv": [28, 22], "uv_size": [1, -1]}
							}
						},
						{
							"origin": [-0.25, -0.96421, -2.125],
							"size": [0.5, 0.82843, 2],
							"pivot": [0, -0.55, -1.125],
							"rotation": [0, -90, 0],
							"uv": {
								"north": {"uv": [22, 28], "uv_size": [1, 1]},
								"east": {"uv": [26, 10], "uv_size": [2, 1]},
								"south": {"uv": [28, 22], "uv_size": [1, 1]},
								"west": {"uv": [12, 26], "uv_size": [2, 1]},
								"up": {"uv": [10, 26], "uv_size": [1, 2]},
								"down": {"uv": [26, 14], "uv_size": [1, -2]}
							}
						},
						{
							"origin": [-0.25, -0.96421, -2.125],
							"size": [0.5, 0.82843, 2],
							"pivot": [0, -0.55, -1.125],
							"rotation": [-45, -90, 0],
							"uv": {
								"north": {"uv": [23, 28], "uv_size": [1, 1]},
								"east": {"uv": [26, 14], "uv_size": [2, 1]},
								"south": {"uv": [28, 23], "uv_size": [1, 1]},
								"west": {"uv": [26, 15], "uv_size": [2, 1]},
								"up": {"uv": [14, 26], "uv_size": [1, 2]},
								"down": {"uv": [17, 28], "uv_size": [1, -2]}
							}
						},
						{
							"origin": [0.68191, -1.3358, -4.5963],
							"size": [0.5, 0.90685, 3],
							"pivot": [-0.24461, -0.50736, -2.66808],
							"rotation": [7.5, -20, -90],
							"uv": {
								"north": {"uv": [24, 28], "uv_size": [1, 1]},
								"east": {"uv": [16, 15], "uv_size": [3, 1]},
								"south": {"uv": [28, 24], "uv_size": [1, 1]},
								"west": {"uv": [2, 17], "uv_size": [3, 1]},
								"up": {"uv": [17, 3], "uv_size": [1, 3]},
								"down": {"uv": [5, 20], "uv_size": [1, -3]}
							}
						},
						{
							"origin": [0.70691, -1.3358, -4.0963],
							"size": [0.5, 0.90685, 1.5],
							"pivot": [-0.24461, -0.50736, -2.66808],
							"rotation": [7.5, -20, -90],
							"uv": {
								"north": {"uv": [25, 28], "uv_size": [1, 1]},
								"east": {"uv": [26, 16], "uv_size": [2, 1]},
								"south": {"uv": [28, 25], "uv_size": [1, 1]},
								"west": {"uv": [18, 26], "uv_size": [2, 1]},
								"up": {"uv": [26, 19], "uv_size": [1, 2]},
								"down": {"uv": [20, 28], "uv_size": [1, -2]}
							}
						},
						{
							"origin": [1.17114, -0.5858, -4.5963],
							"size": [0.5, 0.90685, 3],
							"pivot": [0.2446, -0.50737, -2.66808],
							"rotation": [-7.5, -20, -90],
							"uv": {
								"north": {"uv": [26, 28], "uv_size": [1, 1]},
								"east": {"uv": [15, 17], "uv_size": [3, 1]},
								"south": {"uv": [28, 26], "uv_size": [1, 1]},
								"west": {"uv": [2, 18], "uv_size": [3, 1]},
								"up": {"uv": [18, 3], "uv_size": [1, 3]},
								"down": {"uv": [15, 21], "uv_size": [1, -3]}
							}
						},
						{
							"origin": [0.88385, -1.62302, -4.59629],
							"size": [0.5, 0.90685, 3],
							"pivot": [-0.04266, -0.79459, -2.66808],
							"rotation": [7.5, -20, 180],
							"uv": {
								"north": {"uv": [27, 28], "uv_size": [1, 1]},
								"east": {"uv": [16, 18], "uv_size": [3, 1]},
								"south": {"uv": [28, 27], "uv_size": [1, 1]},
								"west": {"uv": [18, 16], "uv_size": [3, 1]},
								"up": {"uv": [2, 19], "uv_size": [1, 3]},
								"down": {"uv": [3, 22], "uv_size": [1, -3]}
							}
						},
						{
							"origin": [0.88391, -0.38383, -4.5963],
							"size": [0.5, 0.90685, 3],
							"pivot": [-0.04263, -0.3054, -2.66808],
							"rotation": [-7.5, -20, 180],
							"uv": {
								"north": {"uv": [28, 28], "uv_size": [1, 1]},
								"east": {"uv": [18, 17], "uv_size": [3, 1]},
								"south": {"uv": [0, 29], "uv_size": [1, 1]},
								"west": {"uv": [19, 3], "uv_size": [3, 1]},
								"up": {"uv": [4, 19], "uv_size": [1, 3]},
								"down": {"uv": [14, 22], "uv_size": [1, -3]}
							}
						},
						{
							"origin": [0.7234, -1.52126, -4.5963],
							"size": [0.5, 0.90685, 3],
							"pivot": [-0.20312, -0.69281, -2.66808],
							"rotation": [7.5, -20, -135],
							"uv": {
								"north": {"uv": [29, 0], "uv_size": [1, 1]},
								"east": {"uv": [19, 4], "uv_size": [3, 1]},
								"south": {"uv": [1, 29], "uv_size": [1, 1]},
								"west": {"uv": [19, 5], "uv_size": [3, 1]},
								"up": {"uv": [16, 19], "uv_size": [1, 3]},
								"down": {"uv": [17, 22], "uv_size": [1, -3]}
							}
						},
						{
							"origin": [1.12964, -0.77124, -4.5963],
							"size": [0.5, 0.90685, 3],
							"pivot": [0.2031, -0.69282, -2.66808],
							"rotation": [-7.5, -20, -45],
							"uv": {
								"north": {"uv": [29, 1], "uv_size": [1, 1]},
								"east": {"uv": [19, 14], "uv_size": [3, 1]},
								"south": {"uv": [2, 29], "uv_size": [1, 1]},
								"west": {"uv": [19, 15], "uv_size": [3, 1]},
								"up": {"uv": [18, 19], "uv_size": [1, 3]},
								"down": {"uv": [19, 21], "uv_size": [1, -3]}
							}
						},
						{
							"origin": [1.15464, -0.77124, -4.0963],
							"size": [0.5, 0.90685, 1.5],
							"pivot": [0.2031, -0.69282, -2.66808],
							"rotation": [-7.5, -20, -45],
							"uv": {
								"north": {"uv": [29, 2], "uv_size": [1, 1]},
								"east": {"uv": [21, 26], "uv_size": [2, 1]},
								"south": {"uv": [3, 29], "uv_size": [1, 1]},
								"west": {"uv": [26, 21], "uv_size": [2, 1]},
								"up": {"uv": [26, 22], "uv_size": [1, 2]},
								"down": {"uv": [23, 28], "uv_size": [1, -2]}
							}
						},
						{
							"origin": [0.78372, -1.17533, -4.5963],
							"size": [0.5, 0.90685, 3],
							"pivot": [-0.14282, -0.3469, -2.66808],
							"rotation": [7.5, -20, -45],
							"uv": {
								"north": {"uv": [29, 3], "uv_size": [1, 1]},
								"east": {"uv": [5, 20], "uv_size": [3, 1]},
								"south": {"uv": [4, 29], "uv_size": [1, 1]},
								"west": {"uv": [20, 6], "uv_size": [3, 1]},
								"up": {"uv": [0, 20], "uv_size": [1, 3]},
								"down": {"uv": [1, 23], "uv_size": [1, -3]}
							}
						},
						{
							"origin": [1.06935, -0.42533, -4.5963],
							"size": [0.5, 0.90685, 3],
							"pivot": [0.14282, -0.3469, -2.66808],
							"rotation": [-7.5, -20, -135],
							"uv": {
								"north": {"uv": [29, 4], "uv_size": [1, 1]},
								"east": {"uv": [20, 7], "uv_size": [3, 1]},
								"south": {"uv": [5, 29], "uv_size": [1, 1]},
								"west": {"uv": [8, 20], "uv_size": [3, 1]},
								"up": {"uv": [20, 8], "uv_size": [1, 3]},
								"down": {"uv": [11, 23], "uv_size": [1, -3]}
							}
						},
						{
							"origin": [1.06929, -1.58155, -4.59629],
							"size": [0.5, 0.90685, 3],
							"pivot": [0.14279, -0.75312, -2.66808],
							"rotation": [7.5, -20, 135],
							"uv": {
								"north": {"uv": [29, 5], "uv_size": [1, 1]},
								"east": {"uv": [20, 11], "uv_size": [3, 1]},
								"south": {"uv": [6, 29], "uv_size": [1, 1]},
								"west": {"uv": [20, 12], "uv_size": [3, 1]},
								"up": {"uv": [12, 20], "uv_size": [1, 3]},
								"down": {"uv": [13, 23], "uv_size": [1, -3]}
							}
						},
						{
							"origin": [0.78372, -0.83152, -4.5963],
							"size": [0.5, 0.90685, 3],
							"pivot": [-0.14282, -0.7531, -2.66808],
							"rotation": [-7.5, -20, 45],
							"uv": {
								"north": {"uv": [29, 6], "uv_size": [1, 1]},
								"east": {"uv": [20, 13], "uv_size": [3, 1]},
								"south": {"uv": [7, 29], "uv_size": [1, 1]},
								"west": {"uv": [20, 18], "uv_size": [3, 1]},
								"up": {"uv": [20, 19], "uv_size": [1, 3]},
								"down": {"uv": [5, 24], "uv_size": [1, -3]}
							}
						},
						{
							"origin": [1.12962, -1.23562, -4.59629],
							"size": [0.5, 0.90685, 3],
							"pivot": [0.2031, -0.40721, -2.66808],
							"rotation": [7.5, -20, 45],
							"uv": {
								"north": {"uv": [29, 7], "uv_size": [1, 1]},
								"east": {"uv": [6, 21], "uv_size": [3, 1]},
								"south": {"uv": [8, 29], "uv_size": [1, 1]},
								"west": {"uv": [21, 8], "uv_size": [3, 1]},
								"up": {"uv": [9, 21], "uv_size": [1, 3]},
								"down": {"uv": [10, 24], "uv_size": [1, -3]}
							}
						},
						{
							"origin": [0.72344, -0.48561, -4.5963],
							"size": [0.5, 0.90685, 3],
							"pivot": [-0.2031, -0.40718, -2.66808],
							"rotation": [-7.5, -20, 135],
							"uv": {
								"north": {"uv": [29, 8], "uv_size": [1, 1]},
								"east": {"uv": [21, 9], "uv_size": [3, 1]},
								"south": {"uv": [9, 29], "uv_size": [1, 1]},
								"west": {"uv": [21, 10], "uv_size": [3, 1]},
								"up": {"uv": [15, 21], "uv_size": [1, 3]},
								"down": {"uv": [19, 24], "uv_size": [1, -3]}
							}
						},
						{
							"origin": [1.1711, -1.42105, -4.59629],
							"size": [0.5, 0.90685, 3],
							"pivot": [0.24458, -0.59264, -2.66808],
							"rotation": [7.5, -20, 90],
							"uv": {
								"north": {"uv": [29, 9], "uv_size": [1, 1]},
								"east": {"uv": [21, 16], "uv_size": [3, 1]},
								"south": {"uv": [10, 29], "uv_size": [1, 1]},
								"west": {"uv": [21, 17], "uv_size": [3, 1]},
								"up": {"uv": [21, 19], "uv_size": [1, 3]},
								"down": {"uv": [22, 3], "uv_size": [1, -3]}
							}
						},
						{
							"origin": [0.68194, -0.67105, -4.5963],
							"size": [0.5, 0.90685, 3],
							"pivot": [-0.2446, -0.59263, -2.66808],
							"rotation": [-7.5, -20, 90],
							"uv": {
								"north": {"uv": [29, 10], "uv_size": [1, 1]},
								"east": {"uv": [2, 22], "uv_size": [3, 1]},
								"south": {"uv": [11, 29], "uv_size": [1, 1]},
								"west": {"uv": [22, 3], "uv_size": [3, 1]},
								"up": {"uv": [6, 22], "uv_size": [1, 3]},
								"down": {"uv": [7, 25], "uv_size": [1, -3]}
							}
						},
						{
							"origin": [-0.25, -2.65, -4.97843],
							"size": [0.5, 4.2, 1.70685],
							"pivot": [0, -0.55, -4.125],
							"rotation": [-45, -90, 0],
							"uv": {
								"north": {"uv": [10, 16], "uv_size": [1, 4]},
								"east": {"uv": [8, 10], "uv_size": [2, 4]},
								"south": {"uv": [11, 16], "uv_size": [1, 4]},
								"west": {"uv": [10, 10], "uv_size": [2, 4]},
								"up": {"uv": [26, 24], "uv_size": [1, 2]},
								"down": {"uv": [25, 28], "uv_size": [1, -2]}
							}
						},
						{
							"origin": [-0.25, -2.65, -4.97843],
							"size": [0.5, 4.2, 1.70685],
							"pivot": [0, -0.55, -4.125],
							"rotation": [0, -90, 0],
							"uv": {
								"north": {"uv": [12, 16], "uv_size": [1, 4]},
								"east": {"uv": [0, 12], "uv_size": [2, 4]},
								"south": {"uv": [13, 16], "uv_size": [1, 4]},
								"west": {"uv": [2, 12], "uv_size": [2, 4]},
								"up": {"uv": [26, 26], "uv_size": [1, 2]},
								"down": {"uv": [0, 29], "uv_size": [1, -2]}
							}
						},
						{
							"origin": [-3, -0.50937, 6.5],
							"size": [6, 0.125, 0.75],
							"pivot": [0, -0.44687, 8.375],
							"rotation": [0, 0, -45],
							"uv": {
								"north": {"uv": [4, 14], "uv_size": [6, 1]},
								"east": {"uv": [29, 11], "uv_size": [1, 1]},
								"south": {"uv": [10, 14], "uv_size": [6, 1]},
								"west": {"uv": [12, 29], "uv_size": [1, 1]},
								"up": {"uv": [4, 15], "uv_size": [6, 1]},
								"down": {"uv": [10, 16], "uv_size": [6, -1]}
							}
						},
						{
							"origin": [-3, -0.50937, 6.5],
							"size": [6, 0.125, 0.75],
							"pivot": [0, -0.44687, 8.375],
							"rotation": [0, 0, 45],
							"uv": {
								"north": {"uv": [0, 16], "uv_size": [6, 1]},
								"east": {"uv": [29, 12], "uv_size": [1, 1]},
								"south": {"uv": [16, 0], "uv_size": [6, 1]},
								"west": {"uv": [13, 29], "uv_size": [1, 1]},
								"up": {"uv": [16, 1], "uv_size": [6, 1]},
								"down": {"uv": [16, 3], "uv_size": [6, -1]}
							}
						}
					]
				},
				{
					"name": "octagon2",
					"parent": "rocket_head",
					"pivot": [0, -0.55, 0.125],
					"rotation": [0, 90, -22.5],
					"cubes": [
						{
							"origin": [-7, -0.86066, -0.625],
							"size": [8, 0.62132, 1.5],
							"pivot": [0, -0.55, 0.125],
							"rotation": [-45, 0, 0],
							"uv": {
								"north": {"uv": [12, 6], "uv_size": [8, 1]},
								"east": {"uv": [27, 0], "uv_size": [2, 1]},
								"south": {"uv": [12, 7], "uv_size": [8, 1]},
								"west": {"uv": [1, 27], "uv_size": [2, 1]},
								"up": {"uv": [0, 0], "uv_size": [8, 2]},
								"down": {"uv": [0, 4], "uv_size": [8, -2]}
							}
						},
						{
							"origin": [-7, -0.86066, -0.625],
							"size": [8, 0.62132, 1.5],
							"uv": {
								"north": {"uv": [12, 8], "uv_size": [8, 1]},
								"east": {"uv": [27, 3], "uv_size": [2, 1]},
								"south": {"uv": [12, 9], "uv_size": [8, 1]},
								"west": {"uv": [27, 4], "uv_size": [2, 1]},
								"up": {"uv": [0, 4], "uv_size": [8, 2]},
								"down": {"uv": [0, 8], "uv_size": [8, -2]}
							}
						},
						{
							"origin": [-7, -1.3, -0.18566],
							"size": [8, 1.5, 0.62132],
							"pivot": [0, -0.55, 0.125],
							"rotation": [-45, 0, 0],
							"uv": {
								"north": {"uv": [0, 8], "uv_size": [8, 2]},
								"east": {"uv": [27, 5], "uv_size": [1, 2]},
								"south": {"uv": [8, 0], "uv_size": [8, 2]},
								"west": {"uv": [27, 7], "uv_size": [1, 2]},
								"up": {"uv": [12, 10], "uv_size": [8, 1]},
								"down": {"uv": [12, 12], "uv_size": [8, -1]}
							}
						},
						{
							"origin": [-7, -1.3, -0.18566],
							"size": [8, 1.5, 0.62132],
							"uv": {
								"north": {"uv": [8, 2], "uv_size": [8, 2]},
								"east": {"uv": [11, 27], "uv_size": [1, 2]},
								"south": {"uv": [8, 4], "uv_size": [8, 2]},
								"west": {"uv": [27, 11], "uv_size": [1, 2]},
								"up": {"uv": [12, 12], "uv_size": [8, 1]},
								"down": {"uv": [12, 14], "uv_size": [8, -1]}
							}
						}
					]
				},
				{
					"name": "lefthand",
					"parent": "mag_hand",
					"pivot": [-6, 19, 0]
				},
				{
					"name": "lefthand_pos",
					"parent": "lefthand",
					"pivot": [0, 8, 0]
				}
			]
		}
	]
}