{
	"format_version": "1.12.0",
	"minecraft:geometry": [
		{
			"description": {
				"identifier": "geometry.boxsilencer",
				"texture_width": 32,
				"texture_height": 32,
				"visible_bounds_width": 2,
				"visible_bounds_height": 1.5,
				"visible_bounds_offset": [0, 0.25, 0]
			},
			"bones": [
				{
					"name": "body",
					"pivot": [0, 0, 0],
					"cubes": [
						{
							"origin": [-0.20711, -0.5, -0.5],
							"size": [0.41422, 1, 0.5],
							"pivot": [0, 0, -0.5],
							"rotation": [0, 0, 45],
							"uv": {
								"north": {"uv": [7, 16], "uv_size": [0.5, 1]},
								"south": {"uv": [8, 16], "uv_size": [0.5, 1]},
								"up": {"uv": [18, 6], "uv_size": [0.5, 0.5]},
								"down": {"uv": [7, 18.5], "uv_size": [0.5, -0.5]}
							}
						},
						{
							"origin": [-0.20711, -0.5, -0.5],
							"size": [0.41422, 1, 0.5],
							"uv": {
								"north": {"uv": [9, 16], "uv_size": [0.5, 1]},
								"south": {"uv": [12, 16], "uv_size": [0.5, 1]},
								"up": {"uv": [18, 7], "uv_size": [0.5, 0.5]},
								"down": {"uv": [8, 18.5], "uv_size": [0.5, -0.5]}
							}
						},
						{
							"origin": [-0.5, -0.20711, -0.5],
							"size": [1, 0.41422, 0.5],
							"pivot": [0, 0, -0.5],
							"rotation": [0, 0, 45],
							"uv": {
								"north": {"uv": [13, 16], "uv_size": [1, 0.5]},
								"east": {"uv": [18, 8], "uv_size": [0.5, 0.5]},
								"south": {"uv": [14, 16], "uv_size": [1, 0.5]},
								"west": {"uv": [18, 9], "uv_size": [0.5, 0.5]}
							}
						},
						{
							"origin": [-0.5, -0.20711, -0.5],
							"size": [1, 0.41422, 0.5],
							"uv": {
								"north": {"uv": [16, 14], "uv_size": [1, 0.5]},
								"east": {"uv": [10, 18], "uv_size": [0.5, 0.5]},
								"south": {"uv": [15, 16], "uv_size": [1, 0.5]},
								"west": {"uv": [18, 10], "uv_size": [0.5, 0.5]}
							}
						},
						{
							"origin": [-0.625, -0.18566, -1.5],
							"size": [1.25, 0.37132, 1],
							"uv": {
								"north": {"uv": [14, 17], "uv_size": [1.25, 0.25]},
								"east": {"uv": [11, 18], "uv_size": [1, 0.25]},
								"south": {"uv": [17, 14], "uv_size": [1.25, 0.25]},
								"west": {"uv": [18, 11], "uv_size": [1, 0.25]},
								"up": {"uv": [4, 15], "uv_size": [1.25, 1]},
								"down": {"uv": [8, 16], "uv_size": [1.25, -1]}
							}
						},
						{
							"origin": [-0.75, -0.18566, -1.5],
							"size": [1.5, 0.37132, 1],
							"pivot": [0, 0, -1],
							"rotation": [0, 0, 30],
							"uv": {
								"north": {"uv": [17, 4], "uv_size": [1.5, 0.25]},
								"east": {"uv": [12, 18], "uv_size": [1, 0.25]},
								"south": {"uv": [7, 17], "uv_size": [1.5, 0.25]},
								"west": {"uv": [18, 12], "uv_size": [1, 0.25]},
								"up": {"uv": [0, 12], "uv_size": [1.5, 1]},
								"down": {"uv": [0, 14], "uv_size": [1.5, -1]}
							}
						},
						{
							"origin": [-0.18566, -0.625, -1.5],
							"size": [0.37132, 1.25, 1],
							"pivot": [0, 0, -1],
							"rotation": [0, 0, 30],
							"uv": {
								"north": {"uv": [16, 17], "uv_size": [0.25, 1.25]},
								"east": {"uv": [10, 15], "uv_size": [1, 1.25]},
								"south": {"uv": [17, 17], "uv_size": [0.25, 1.25]},
								"west": {"uv": [11, 15], "uv_size": [1, 1.25]},
								"up": {"uv": [13, 18], "uv_size": [0.25, 1]},
								"down": {"uv": [18, 14], "uv_size": [0.25, -1]}
							}
						},
						{
							"origin": [-0.18566, -0.75, -1.5],
							"size": [0.37132, 1.5, 1],
							"pivot": [0, 0, -0.75],
							"rotation": [0, 0, 60],
							"uv": {
								"north": {"uv": [2, 17], "uv_size": [0.25, 1.5]},
								"east": {"uv": [6, 14], "uv_size": [1, 1.5]},
								"south": {"uv": [9, 17], "uv_size": [0.25, 1.5]},
								"west": {"uv": [7, 14], "uv_size": [1, 1.5]},
								"up": {"uv": [14, 18], "uv_size": [0.25, 1]},
								"down": {"uv": [15, 19], "uv_size": [0.25, -1]}
							}
						},
						{
							"origin": [-0.75, -0.18566, -1.5],
							"size": [1.5, 0.37132, 1],
							"pivot": [0, 0, -1],
							"rotation": [0, 0, 90],
							"uv": {
								"north": {"uv": [10, 17], "uv_size": [1.5, 0.25]},
								"east": {"uv": [18, 15], "uv_size": [1, 0.25]},
								"south": {"uv": [12, 17], "uv_size": [1.5, 0.25]},
								"west": {"uv": [18, 16], "uv_size": [1, 0.25]},
								"up": {"uv": [8, 14], "uv_size": [1.5, 1]},
								"down": {"uv": [10, 15], "uv_size": [1.5, -1]}
							}
						},
						{
							"origin": [-0.625, -0.18566, -1.5],
							"size": [1.25, 0.37132, 1],
							"pivot": [0, 0, -0.75],
							"rotation": [0, 0, 60],
							"uv": {
								"north": {"uv": [0, 18], "uv_size": [1.25, 0.25]},
								"east": {"uv": [18, 17], "uv_size": [1, 0.25]},
								"south": {"uv": [18, 5], "uv_size": [1.25, 0.25]},
								"west": {"uv": [18, 18], "uv_size": [1, 0.25]},
								"up": {"uv": [12, 15], "uv_size": [1.25, 1]},
								"down": {"uv": [14, 16], "uv_size": [1.25, -1]}
							}
						},
						{
							"origin": [-0.875, -0.5, -6.875],
							"size": [2, 0.475, 2.55],
							"uv": {
								"east": {"uv": [0.5, 19.25], "uv_size": [18, 2.5]}
							}
						},
						{
							"origin": [-1.15, -0.5, -11.25],
							"size": [2, 0.475, 2.55],
							"pivot": [-0.15, -0.25, -7.775],
							"rotation": [0, 180, 0],
							"uv": {
								"east": {"uv": [0.5, 19.25], "uv_size": [18, 2.5]}
							}
						}
					]
				},
				{
					"name": "box",
					"parent": "body",
					"pivot": [0, 0, 0],
					"cubes": [
						{
							"origin": [-4.025, 0.18579, -6.45],
							"size": [6.025, 0.82843, 0.975],
							"inflate": -0.001,
							"pivot": [0, 0.6, -5.45],
							"rotation": [135, 90, -180],
							"uv": {
								"north": {"uv": [12, 7], "uv_size": [6, 0.75]},
								"east": {"uv": [2, 16], "uv_size": [1, 0.75]},
								"south": {"uv": [12, 8], "uv_size": [6, 0.75]},
								"west": {"uv": [16, 2], "uv_size": [1, 0.75]},
								"up": {"uv": [4, 10], "uv_size": [6, 1]},
								"down": {"uv": [10, 5], "uv_size": [6, -1]}
							}
						},
						{
							"origin": [-4.025, 0.18579, -6.45],
							"size": [6.025, 0.82843, 2],
							"inflate": 0.001,
							"pivot": [0, 0.6, -5.45],
							"rotation": [-180, 90, 180],
							"uv": {
								"north": {"uv": [12, 9], "uv_size": [6, 0.75]},
								"east": {"uv": [0, 15], "uv_size": [2, 0.75]},
								"south": {"uv": [12, 10], "uv_size": [6, 0.75]},
								"west": {"uv": [2, 15], "uv_size": [2, 0.75]},
								"up": {"uv": [2, 6], "uv_size": [6, 2]},
								"down": {"uv": [8, 2], "uv_size": [6, -2]}
							}
						},
						{
							"origin": [-4.025, 0.8, -5.86421],
							"size": [6.025, 0.8, 0.82843],
							"inflate": -0.001,
							"pivot": [0, 0.6, -5.45],
							"rotation": [135, 90, -180],
							"uv": {
								"north": {"uv": [12, 11], "uv_size": [6, 0.75]},
								"east": {"uv": [16, 3], "uv_size": [0.75, 0.75]},
								"south": {"uv": [12, 12], "uv_size": [6, 0.75]},
								"west": {"uv": [16, 4], "uv_size": [0.75, 0.75]},
								"up": {"uv": [12, 13], "uv_size": [6, 0.75]},
								"down": {"uv": [0, 14.75], "uv_size": [6, -0.75]}
							}
						},
						{
							"origin": [-4.025, 0.3, -5.86421],
							"size": [6.025, 1.3, 0.82843],
							"pivot": [0, 0.6, -5.45],
							"rotation": [-180, 90, 180],
							"uv": {
								"north": {"uv": [4, 8], "uv_size": [6, 1.25]},
								"east": {"uv": [0, 16], "uv_size": [0.75, 1.25]},
								"south": {"uv": [10, 2], "uv_size": [6, 1.25]},
								"west": {"uv": [1, 16], "uv_size": [0.75, 1.25]},
								"up": {"uv": [14, 0], "uv_size": [6, 0.75]},
								"down": {"uv": [14, 1.75], "uv_size": [6, -0.75]}
							}
						},
						{
							"origin": [-1, -2.45, -7.45],
							"size": [2, 2.65, 0.375],
							"uv": {
								"north": {"uv": [10, 5], "uv_size": [2, 2.75]},
								"east": {"uv": [3, 16], "uv_size": [0.25, 2.75]},
								"south": {"uv": [10, 8], "uv_size": [2, 2.75]},
								"west": {"uv": [4, 16], "uv_size": [0.25, 2.75]},
								"up": {"uv": [16, 15], "uv_size": [2, 0.25]},
								"down": {"uv": [16, 16.25], "uv_size": [2, -0.25]}
							}
						},
						{
							"origin": [-1, -2.45, -1.825],
							"size": [2, 2.65, 0.375],
							"uv": {
								"north": {"uv": [4, 11], "uv_size": [2, 2.75]},
								"east": {"uv": [5, 16], "uv_size": [0.25, 2.75]},
								"south": {"uv": [6, 11], "uv_size": [2, 2.75]},
								"west": {"uv": [6, 16], "uv_size": [0.25, 2.75]},
								"up": {"uv": [17, 2], "uv_size": [2, 0.25]},
								"down": {"uv": [17, 3.25], "uv_size": [2, -0.25]}
							}
						},
						{
							"origin": [-1, -3.175, -7.45],
							"size": [2, 0.725, 6],
							"uv": {
								"north": {"uv": [12, 14], "uv_size": [2, 0.75]},
								"east": {"uv": [12, 5], "uv_size": [6, 0.75]},
								"south": {"uv": [14, 14], "uv_size": [2, 0.75]},
								"west": {"uv": [12, 6], "uv_size": [6, 0.75]},
								"up": {"uv": [0, 6], "uv_size": [2, 6]},
								"down": {"uv": [6, 6], "uv_size": [2, -6]}
							}
						},
						{
							"origin": [-0.85, -2.475, -7.075],
							"size": [1.675, 2.675, 5.275],
							"uv": {
								"north": {"uv": [8, 11], "uv_size": [1.75, 2.75]},
								"east": {"uv": [0, 0], "uv_size": [5.25, 2.75]},
								"south": {"uv": [10, 11], "uv_size": [1.75, 2.75]},
								"west": {"uv": [0, 3], "uv_size": [5.25, 2.75]},
								"up": {"uv": [2, 8], "uv_size": [1.75, 5.25]},
								"down": {"uv": [8, 7.25], "uv_size": [1.75, -5.25]}
							}
						}
					]
				}
			]
		}
	]
}