{
	"format_version": "1.12.0",
	"minecraft:geometry": [
		{
			"description": {
				"identifier": "geometry.sight_coyote - Converted",
				"texture_width": 16,
				"texture_height": 16,
				"visible_bounds_width": 7,
				"visible_bounds_height": 2.5,
				"visible_bounds_offset": [0, 0.75, 0]
			},
			"bones": [
				{
					"name": "scope_body",
					"pivot": [0, 7.7, -0.25]
				},
				{
					"name": "base",
					"parent": "scope_body",
					"pivot": [7, -0.05, -8.25],
					"cubes": [
						{
							"origin": [-0.6875, -0.2875, -1.825],
							"size": [0.3125, 0.5625, 1.825],
							"uv": {
								"north": {"uv": [7, 8], "uv_size": [0.5, 0.5]},
								"east": {"uv": [3, 0], "uv_size": [2, 0.5]},
								"south": {"uv": [8, 7], "uv_size": [0.5, 0.5]},
								"west": {"uv": [3, 1], "uv_size": [2, 0.5]},
								"up": {"uv": [3, 2], "uv_size": [0.5, 2]},
								"down": {"uv": [0, 6], "uv_size": [0.5, -2]}
							}
						},
						{
							"origin": [0.375, -0.2875, -1.825],
							"size": [0.2875, 0.5625, 1.825],
							"uv": {
								"north": {"uv": [8, 8], "uv_size": [0.5, 0.5]},
								"east": {"uv": [1, 4], "uv_size": [2, 0.5]},
								"south": {"uv": [0, 9], "uv_size": [0.5, 0.5]},
								"west": {"uv": [4, 2], "uv_size": [2, 0.5]},
								"up": {"uv": [3, 4], "uv_size": [0.5, 2]},
								"down": {"uv": [4, 5], "uv_size": [0.5, -2]}
							}
						},
						{
							"origin": [-0.375, 0.025, -1.825],
							"size": [0.75, 0.25, 1.825],
							"uv": {
								"north": {"uv": [6, 2], "uv_size": [1, 0.5]},
								"south": {"uv": [7, 0], "uv_size": [1, 0.5]},
								"up": {"uv": [0, 0], "uv_size": [1, 2]},
								"down": {"uv": [1, 2], "uv_size": [1, -2]}
							}
						},
						{
							"origin": [-0.45, 0.275, -1.825],
							"size": [0.875, 0.15, 1.825],
							"uv": {
								"north": {"uv": [1, 7], "uv_size": [1, 0.5]},
								"east": {"uv": [5, 0], "uv_size": [2, 0.5]},
								"south": {"uv": [7, 1], "uv_size": [1, 0.5]},
								"west": {"uv": [1, 5], "uv_size": [2, 0.5]},
								"up": {"uv": [0, 2], "uv_size": [1, 2]},
								"down": {"uv": [2, 2], "uv_size": [1, -2]}
							}
						},
						{
							"origin": [0.45, 0.65, -1.825],
							"size": [0.3, 0.15, 1.825],
							"inflate": 0.001,
							"pivot": [-0.2, 0.65, -0.725],
							"rotation": [0, 0, 33.5],
							"uv": {
								"north": {"uv": [9, 0], "uv_size": [0.5, 0.5]},
								"east": {"uv": [5, 1], "uv_size": [2, 0.5]},
								"south": {"uv": [1, 9], "uv_size": [0.5, 0.5]},
								"west": {"uv": [5, 3], "uv_size": [2, 0.5]},
								"up": {"uv": [4, 5], "uv_size": [0.5, 2]},
								"down": {"uv": [5, 6], "uv_size": [0.5, -2]}
							}
						},
						{
							"origin": [-0.5, -0.25, -1.825],
							"size": [0.3, 0.175, 1.825],
							"inflate": 0.001,
							"pivot": [-1.15, -0.25, -0.725],
							"rotation": [0, 0, -33.5],
							"uv": {
								"north": {"uv": [9, 1], "uv_size": [0.5, 0.5]},
								"east": {"uv": [0, 6], "uv_size": [2, 0.5]},
								"south": {"uv": [2, 9], "uv_size": [0.5, 0.5]},
								"west": {"uv": [2, 6], "uv_size": [2, 0.5]},
								"up": {"uv": [6, 4], "uv_size": [0.5, 2]},
								"down": {"uv": [5, 8], "uv_size": [0.5, -2]}
							}
						}
					]
				},
				{
					"name": "ring",
					"parent": "scope_body",
					"pivot": [0, 7.7, -0.25],
					"cubes": [
						{
							"origin": [-0.75, 0.95, -1.825],
							"size": [0.1, 0.35, 0.2],
							"pivot": [0.25, 0.95, -0.825],
							"rotation": [0, 0, -37.5],
							"uv": {
								"north": {"uv": [9, 5], "uv_size": [0.5, 0.5]},
								"east": {"uv": [6, 9], "uv_size": [0.5, 0.5]},
								"south": {"uv": [9, 6], "uv_size": [0.5, 0.5]},
								"west": {"uv": [7, 9], "uv_size": [0.5, 0.5]},
								"up": {"uv": [9, 7], "uv_size": [0.5, 0.5]},
								"down": {"uv": [8, 9.5], "uv_size": [0.5, -0.5]}
							}
						},
						{
							"origin": [-0.75, 0.475, -1.825],
							"size": [0.1, 1.2, 0.2],
							"inflate": 0.001,
							"pivot": [0.25, 0.475, -0.825],
							"rotation": [0, 0, 7.5],
							"uv": {
								"north": {"uv": [2, 7], "uv_size": [0.5, 1]},
								"east": {"uv": [7, 2], "uv_size": [0.5, 1]},
								"south": {"uv": [3, 7], "uv_size": [0.5, 1]},
								"west": {"uv": [7, 3], "uv_size": [0.5, 1]},
								"up": {"uv": [9, 8], "uv_size": [0.5, 0.5]},
								"down": {"uv": [9, 9.5], "uv_size": [0.5, -0.5]}
							}
						},
						{
							"origin": [0.6, 0.725, -1.825],
							"size": [0.1, 1.2, 0.2],
							"inflate": 0.001,
							"pivot": [1.6, 0.725, -0.825],
							"rotation": [0, 0, -7.5],
							"uv": {
								"north": {"uv": [4, 7], "uv_size": [0.5, 1]},
								"east": {"uv": [7, 4], "uv_size": [0.5, 1]},
								"south": {"uv": [7, 5], "uv_size": [0.5, 1]},
								"west": {"uv": [7, 6], "uv_size": [0.5, 1]},
								"up": {"uv": [0, 10], "uv_size": [0.5, 0.5]},
								"down": {"uv": [10, 0.5], "uv_size": [0.5, -0.5]}
							}
						},
						{
							"origin": [-0.575, 1.725, -1.825],
							"size": [1.125, 0.075, 0.2],
							"inflate": 0.002,
							"uv": {
								"north": {"uv": [7, 7], "uv_size": [1, 0.5]},
								"east": {"uv": [1, 10], "uv_size": [0.5, 0.5]},
								"south": {"uv": [8, 0], "uv_size": [1, 0.5]},
								"west": {"uv": [10, 1], "uv_size": [0.5, 0.5]},
								"up": {"uv": [1, 8], "uv_size": [1, 0.5]},
								"down": {"uv": [8, 1.5], "uv_size": [1, -0.5]}
							}
						},
						{
							"origin": [0.225, -0.2, -1.825],
							"size": [0.1, 0.35, 0.2],
							"pivot": [1.225, -0.2, -0.825],
							"rotation": [0, 0, 37.5],
							"uv": {
								"north": {"uv": [9, 2], "uv_size": [0.5, 0.5]},
								"east": {"uv": [3, 9], "uv_size": [0.5, 0.5]},
								"south": {"uv": [9, 3], "uv_size": [0.5, 0.5]},
								"west": {"uv": [4, 9], "uv_size": [0.5, 0.5]},
								"up": {"uv": [9, 4], "uv_size": [0.5, 0.5]},
								"down": {"uv": [5, 9.5], "uv_size": [0.5, -0.5]}
							}
						}
					]
				},
				{
					"name": "division",
					"pivot": [0.1, 1.2, -55.25]
				},
				{
					"name": "division_illuminated",
					"parent": "division",
					"pivot": [0.1, 1.3, -55.25],
					"cubes": [
						{
							"origin": [-0.05, 1.65, -11.9875],
							"size": [0.1, 0.05, 0.35],
							"inflate": 0.001,
							"pivot": [-0.55, 1.65, -12.7],
							"rotation": [-45, 90, 0],
							"uv": {
								"north": {"uv": [5, 10], "uv_size": [0.5, 0.5]},
								"east": {"uv": [10, 5], "uv_size": [0.5, 0.5]},
								"south": {"uv": [6, 10], "uv_size": [0.5, 0.5]},
								"west": {"uv": [10, 6], "uv_size": [0.5, 0.5]},
								"up": {"uv": [7, 10], "uv_size": [0.5, 0.5]},
								"down": {"uv": [10, 7.5], "uv_size": [0.5, -0.5]}
							}
						},
						{
							"origin": [0.05, 0.425, -11.875],
							"size": [0, 0.05, 0.35],
							"pivot": [-0.7, 0.425, -12.55],
							"rotation": [45, 90, 0],
							"uv": {
								"north": {"uv": [8, 10], "uv_size": [0.5, 0.5]},
								"east": {"uv": [10, 8], "uv_size": [0.5, 0.5]},
								"south": {"uv": [9, 10], "uv_size": [0.5, 0.5]},
								"west": {"uv": [10, 9], "uv_size": [0.5, 0.5]},
								"up": {"uv": [10, 10], "uv_size": [0.5, 0.5]},
								"down": {"uv": [0, 11.5], "uv_size": [0.5, -0.5]}
							}
						}
					]
				},
				{
					"name": "ocular",
					"pivot": [0, 1, -0.975],
					"cubes": [
						{
							"origin": [-0.475, 0.425, -1.65],
							"size": [0.9, 1.3, 0.025],
							"uv": {
								"south": {"uv": [2, 2], "uv_size": [1, 1.5]}
							}
						},
						{
							"origin": [0.225, 0.55, -1.65],
							"size": [0.4, 1.075, 0.025],
							"pivot": [-0.375, 0.55, -0.65],
							"rotation": [0, 0, -7.5],
							"uv": {
								"south": {"uv": [4, 8], "uv_size": [0.5, 1]}
							}
						},
						{
							"origin": [-0.075, 1.125, -1.65],
							"size": [0.35, 0.425, 0.025],
							"pivot": [-0.775, 0.55, -0.65],
							"rotation": [0, 0, 37.5],
							"uv": {
								"south": {"uv": [11, 3], "uv_size": [0.5, 0.5]}
							}
						},
						{
							"origin": [0.075, 0.025, -1.65],
							"size": [0.375, 0.425, 0.025],
							"pivot": [-0.6, -0.55, -0.65],
							"rotation": [0, 0, -37.5],
							"uv": {
								"south": {"uv": [11, 6], "uv_size": [0.5, 0.5]}
							}
						},
						{
							"origin": [-0.625, 0.75, -1.65],
							"size": [0.4, 1.075, 0.025],
							"pivot": [-1.225, 0.75, -0.65],
							"rotation": [0, 0, 7.5],
							"uv": {
								"south": {"uv": [6, 8], "uv_size": [0.5, 1]}
							}
						}
					]
				},
				{
					"name": "scope_view",
					"pivot": [0, 1.225, 3.45]
				}
			]
		}
	]
}