{
	"format_version": "1.12.0",
	"minecraft:geometry": [
		{
			"description": {
				"identifier": "geometry.sight_itrans",
				"texture_width": 16,
				"texture_height": 16,
				"visible_bounds_width": 11,
				"visible_bounds_height": 1.5,
				"visible_bounds_offset": [0, 0.25, 0]
			},
			"bones": [
				{
					"name": "body",
					"pivot": [0, 0, 0],
					"cubes": [
						{
							"origin": [-0.6875, 0.4, -1],
							"size": [1.375, 0.5625, 0.875],
							"uv": {
								"north": {"uv": [7, 0], "uv_size": [1.375, 0.5625]},
								"east": {"uv": [7, 7], "uv_size": [0.875, 0.5625]},
								"west": {"uv": [0, 8], "uv_size": [0.875, 0.5625]},
								"up": {"uv": [0, 5], "uv_size": [1.375, 0.875]},
								"down": {"uv": [5, 0.875], "uv_size": [1.375, -0.875]}
							}
						},
						{
							"origin": [-0.6875, 0.4, -2.9375],
							"size": [1.375, 0.375, 1.9375],
							"uv": {
								"east": {"uv": [7, 1], "uv_size": [1.9375, 0.375]},
								"west": {"uv": [7, 3], "uv_size": [1.9375, 0.375]},
								"down": {"uv": [0, 1.9375], "uv_size": [1.375, -1.9375]}
							}
						},
						{
							"origin": [-0.6875, 0.65, -0.125],
							"size": [1.375, 0.3125, 0.6875],
							"uv": {
								"east": {"uv": [5, 10], "uv_size": [0.6875, 0.3125]},
								"west": {"uv": [10, 5], "uv_size": [0.6875, 0.3125]},
								"up": {"uv": [5, 1], "uv_size": [1.375, 0.6875]},
								"down": {"uv": [2, 5.6875], "uv_size": [1.375, -0.6875]}
							}
						},
						{
							"origin": [-0.6875, 0.57707, -0.23481],
							"size": [1.375, 0.25, 0.6875],
							"inflate": 0.001,
							"pivot": [0, 0.76457, 0.26519],
							"rotation": [22.5, 0, 0],
							"uv": {
								"east": {"uv": [2, 11], "uv_size": [0.6875, 0.25]},
								"west": {"uv": [11, 2], "uv_size": [0.6875, 0.25]},
								"down": {"uv": [0, 6.6875], "uv_size": [1.375, -0.6875]}
							}
						},
						{
							"origin": [-0.54399, 0.65, 0.5625],
							"size": [1.08798, 0.3125, 0.34645],
							"uv": {
								"south": {"uv": [3, 9], "uv_size": [1.09375, 0.3125]},
								"up": {"uv": [9, 0], "uv_size": [1.09375, 0.34375]},
								"down": {"uv": [1, 9.34375], "uv_size": [1.09375, -0.34375]}
							}
						},
						{
							"origin": [0.26652, 0.65, 0.1416],
							"size": [0.25, 0.3125, 0.375],
							"pivot": [-0.45601, 0.6385, 0.78184],
							"rotation": [0, -22.5, 0],
							"uv": {
								"west": {"uv": [11, 4], "uv_size": [0.375, 0.3125]},
								"up": {"uv": [11, 11], "uv_size": [0.25, 0.375]},
								"down": {"uv": [0, 12.375], "uv_size": [0.25, -0.375]}
							}
						},
						{
							"origin": [-0.60597, 0.65, 0.34737],
							"size": [0.25, 0.3125, 0.375],
							"pivot": [-0.10597, 0.80625, 0.65987],
							"rotation": [0, 22.5, 0],
							"uv": {
								"east": {"uv": [5, 11], "uv_size": [0.375, 0.3125]},
								"up": {"uv": [12, 0], "uv_size": [0.25, 0.375]},
								"down": {"uv": [1, 12.375], "uv_size": [0.25, -0.375]}
							}
						},
						{
							"origin": [-0.625, 0.775, -2.375],
							"size": [1.25, 0.0625, 1.375],
							"uv": {
								"up": {"uv": [3, 0], "uv_size": [1.25, 1.375]}
							}
						},
						{
							"origin": [0.56629, 0.69576, -2.9375],
							"size": [0.08839, 0.0625, 1.9375],
							"pivot": [0.69129, 0.72701, -2],
							"rotation": [0, 0, 45],
							"uv": {
								"north": {"uv": [15, 2], "uv_size": [0.09375, 0.0625]},
								"south": {"uv": [3, 15], "uv_size": [0.09375, 0.0625]},
								"up": {"uv": [8, 10], "uv_size": [0.09375, 1.9375]}
							}
						},
						{
							"origin": [-0.65468, 0.69576, -2.9375],
							"size": [0.08839, 0.0625, 1.9875],
							"pivot": [-0.69129, 0.72701, -2],
							"rotation": [0, 0, -45],
							"uv": {
								"north": {"uv": [15, 3], "uv_size": [0.09375, 0.0625]},
								"south": {"uv": [4, 15], "uv_size": [0.09375, 0.0625]},
								"up": {"uv": [9, 10], "uv_size": [0.09375, 1.90625]}
							}
						},
						{
							"origin": [-0.18122, 0.2125, -0.25],
							"size": [0.36244, 0.625, 0.875],
							"pivot": [0, 0.525, 0.1875],
							"rotation": [0, -22.5, 0],
							"uv": {
								"south": {"uv": [2, 10], "uv_size": [0.375, 0.625]},
								"up": {"uv": [9, 3], "uv_size": [0.375, 0.875]}
							}
						},
						{
							"origin": [-0.18122, 0.2125, -0.25],
							"size": [0.36244, 0.625, 0.875],
							"pivot": [0, 0.525, 0.1875],
							"rotation": [0, 22.5, 0],
							"uv": {
								"south": {"uv": [10, 2], "uv_size": [0.375, 0.625]},
								"up": {"uv": [9, 4], "uv_size": [0.375, 0.875]}
							}
						},
						{
							"origin": [-0.4375, 0.2125, 0.00628],
							"size": [0.875, 0.625, 0.36244],
							"pivot": [0, 0.525, 0.1875],
							"rotation": [0, -22.5, 0],
							"uv": {
								"east": {"uv": [3, 10], "uv_size": [0.375, 0.625]},
								"west": {"uv": [10, 3], "uv_size": [0.375, 0.625]},
								"up": {"uv": [5, 9], "uv_size": [0.875, 0.375]}
							}
						},
						{
							"origin": [-0.4375, 0.2125, 0.00628],
							"size": [0.875, 0.625, 0.36244],
							"pivot": [0, 0.525, 0.1875],
							"rotation": [0, 22.5, 0],
							"uv": {
								"east": {"uv": [4, 10], "uv_size": [0.375, 0.625]},
								"west": {"uv": [10, 4], "uv_size": [0.375, 0.625]},
								"up": {"uv": [9, 5], "uv_size": [0.875, 0.375]}
							}
						},
						{
							"origin": [-0.6875, -0.2875, -3],
							"size": [0.3125, 0.5625, 2.75],
							"uv": {
								"north": {"uv": [10, 10], "uv_size": [0.3125, 0.5625]},
								"east": {"uv": [1, 3], "uv_size": [2.75, 0.5625]},
								"south": {"uv": [0, 11], "uv_size": [0.3125, 0.5625]},
								"west": {"uv": [3, 2], "uv_size": [2.75, 0.5625]},
								"up": {"uv": [2, 6], "uv_size": [0.3125, 2.75]},
								"down": {"uv": [3, 8.75], "uv_size": [0.3125, -2.75]}
							}
						},
						{
							"origin": [0.375, -0.2875, -3],
							"size": [0.3125, 0.5625, 2.75],
							"uv": {
								"north": {"uv": [11, 0], "uv_size": [0.3125, 0.5625]},
								"east": {"uv": [1, 4], "uv_size": [2.75, 0.5625]},
								"south": {"uv": [1, 11], "uv_size": [0.3125, 0.5625]},
								"west": {"uv": [4, 3], "uv_size": [2.75, 0.5625]},
								"up": {"uv": [4, 6], "uv_size": [0.3125, 2.75]},
								"down": {"uv": [6, 6.75], "uv_size": [0.3125, -2.75]}
							}
						},
						{
							"origin": [-0.375, 0.025, -3],
							"size": [0.75, 0.25, 2.75],
							"uv": {
								"north": {"uv": [6, 10], "uv_size": [0.75, 0.25]},
								"south": {"uv": [7, 10], "uv_size": [0.75, 0.25]},
								"up": {"uv": [0, 2], "uv_size": [0.75, 2.75]},
								"down": {"uv": [2, 2.75], "uv_size": [0.75, -2.75]}
							}
						},
						{
							"origin": [-0.5625, 0.275, -2.9375],
							"size": [1.125, 0.125, 2.625],
							"uv": {
								"north": {"uv": [3, 11], "uv_size": [1.125, 0.125]},
								"east": {"uv": [6, 9], "uv_size": [2.625, 0.125]},
								"south": {"uv": [11, 3], "uv_size": [1.125, 0.125]},
								"west": {"uv": [9, 6], "uv_size": [2.625, 0.125]}
							}
						},
						{
							"origin": [-0.20711, 0.15, -0.3125],
							"size": [0.41422, 0.25, 1],
							"pivot": [0, 0.275, 0.1875],
							"rotation": [0, -22.5, 0],
							"uv": {
								"north": {"uv": [11, 5], "uv_size": [0.40625, 0.25]},
								"south": {"uv": [6, 11], "uv_size": [0.40625, 0.25]},
								"up": {"uv": [1, 8], "uv_size": [0.40625, 1]},
								"down": {"uv": [8, 3], "uv_size": [0.40625, -1]}
							}
						},
						{
							"origin": [-0.20711, 0.15, -0.3125],
							"size": [0.41422, 0.25, 1],
							"pivot": [0, 0.275, 0.1875],
							"rotation": [0, 22.5, 0],
							"uv": {
								"north": {"uv": [7, 11], "uv_size": [0.40625, 0.25]},
								"south": {"uv": [11, 7], "uv_size": [0.40625, 0.25]},
								"up": {"uv": [5, 8], "uv_size": [0.40625, 1]},
								"down": {"uv": [6, 9], "uv_size": [0.40625, -1]}
							}
						},
						{
							"origin": [-0.5, 0.15, -0.01961],
							"size": [1, 0.25, 0.41422],
							"pivot": [0, 0.275, 0.1875],
							"rotation": [0, -22.5, 0],
							"uv": {
								"east": {"uv": [11, 8], "uv_size": [0.40625, 0.25]},
								"west": {"uv": [11, 9], "uv_size": [0.40625, 0.25]},
								"up": {"uv": [7, 8], "uv_size": [1, 0.40625]},
								"down": {"uv": [8, 7.40625], "uv_size": [1, -0.40625]}
							}
						},
						{
							"origin": [0.04289, 0.15, 0.6875],
							"size": [0.10172, 0.25, 0.1875],
							"pivot": [0, 0.275, 0.1875],
							"rotation": [0, -22.5, 0],
							"uv": {
								"east": {"uv": [11, 12], "uv_size": [0.1875, 0.25]},
								"south": {"uv": [13, 9], "uv_size": [0.09375, 0.25]},
								"up": {"uv": [4, 14], "uv_size": [0.09375, 0.1875]},
								"down": {"uv": [14, 4.1875], "uv_size": [0.09375, -0.1875]}
							}
						},
						{
							"origin": [-0.14461, 0.15, 0.6875],
							"size": [0.10172, 0.25, 0.1875],
							"pivot": [0, 0.275, 0.1875],
							"rotation": [0, -22.5, 0],
							"uv": {
								"south": {"uv": [10, 13], "uv_size": [0.09375, 0.25]},
								"west": {"uv": [12, 11], "uv_size": [0.1875, 0.25]},
								"up": {"uv": [5, 14], "uv_size": [0.09375, 0.1875]},
								"down": {"uv": [14, 5.1875], "uv_size": [0.09375, -0.1875]}
							}
						},
						{
							"origin": [-0.39669, 0.15, 0.51733],
							"size": [0.10171, 0.25, 0.25],
							"uv": {
								"east": {"uv": [8, 12], "uv_size": [0.25, 0.25]},
								"up": {"uv": [13, 10], "uv_size": [0.09375, 0.25]},
								"down": {"uv": [11, 13.25], "uv_size": [0.09375, -0.25]}
							}
						},
						{
							"origin": [-0.28079, 0.15, 0.78152],
							"size": [0.25, 0.25, 0.10171],
							"pivot": [-0.21145, 0.275, 0.69799],
							"rotation": [0, 45, 0],
							"uv": {
								"south": {"uv": [12, 8], "uv_size": [0.25, 0.25]},
								"up": {"uv": [13, 11], "uv_size": [0.25, 0.09375]},
								"down": {"uv": [12, 13.09375], "uv_size": [0.25, -0.09375]}
							}
						},
						{
							"origin": [-0.5, 0.15, -0.01961],
							"size": [1, 0.25, 0.41422],
							"pivot": [0, 0.275, 0.1875],
							"rotation": [0, 22.5, 0],
							"uv": {
								"east": {"uv": [10, 11], "uv_size": [0.40625, 0.25]},
								"west": {"uv": [11, 10], "uv_size": [0.40625, 0.25]},
								"up": {"uv": [8, 8], "uv_size": [1, 0.40625]},
								"down": {"uv": [0, 9.40625], "uv_size": [1, -0.40625]}
							}
						},
						{
							"origin": [0.4375, -0.225, -2.8125],
							"size": [0.3125, 0.25, 0.25],
							"pivot": [0, -0.0375, -2.625],
							"rotation": [-45, 0, 0],
							"uv": {
								"north": {"uv": [12, 1], "uv_size": [0.3125, 0.25]},
								"east": {"uv": [9, 12], "uv_size": [0.25, 0.25]},
								"south": {"uv": [2, 12], "uv_size": [0.3125, 0.25]},
								"west": {"uv": [12, 9], "uv_size": [0.25, 0.25]},
								"up": {"uv": [12, 2], "uv_size": [0.3125, 0.25]},
								"down": {"uv": [3, 12.25], "uv_size": [0.3125, -0.25]}
							}
						},
						{
							"origin": [0.4375, -0.1, -0.75],
							"size": [0.3125, 0.25, 0.25],
							"pivot": [0, 0.025, -0.625],
							"rotation": [-45, 0, 0],
							"uv": {
								"north": {"uv": [4, 12], "uv_size": [0.3125, 0.25]},
								"east": {"uv": [10, 12], "uv_size": [0.25, 0.25]},
								"south": {"uv": [12, 4], "uv_size": [0.3125, 0.25]},
								"west": {"uv": [12, 10], "uv_size": [0.25, 0.25]},
								"up": {"uv": [5, 12], "uv_size": [0.3125, 0.25]},
								"down": {"uv": [12, 5.25], "uv_size": [0.3125, -0.25]}
							}
						},
						{
							"origin": [-0.71875, -0.1625, -2.75],
							"size": [0.28125, 0.125, 0.125],
							"pivot": [0, -0.0375, -2.625],
							"rotation": [-45, 0, 0],
							"uv": {
								"north": {"uv": [12, 12], "uv_size": [0.28125, 0.125]},
								"east": {"uv": [6, 14], "uv_size": [0.125, 0.125]},
								"south": {"uv": [0, 13], "uv_size": [0.28125, 0.125]},
								"west": {"uv": [14, 6], "uv_size": [0.125, 0.125]},
								"up": {"uv": [13, 0], "uv_size": [0.28125, 0.125]},
								"down": {"uv": [1, 13.125], "uv_size": [0.28125, -0.125]}
							}
						},
						{
							"origin": [-0.71875, -0.0375, -0.6875],
							"size": [0.28125, 0.125, 0.125],
							"pivot": [0, 0.025, -0.625],
							"rotation": [-45, 0, 0],
							"uv": {
								"north": {"uv": [13, 1], "uv_size": [0.28125, 0.125]},
								"east": {"uv": [7, 14], "uv_size": [0.125, 0.125]},
								"south": {"uv": [2, 13], "uv_size": [0.28125, 0.125]},
								"west": {"uv": [14, 7], "uv_size": [0.125, 0.125]},
								"up": {"uv": [13, 2], "uv_size": [0.28125, 0.125]},
								"down": {"uv": [3, 13.125], "uv_size": [0.28125, -0.125]}
							}
						},
						{
							"origin": [-0.75, 0.65, -0.5625],
							"size": [1.5, 0.1875, 0.1875],
							"pivot": [0, 0.775, -0.5],
							"rotation": [-45, 0, 0],
							"uv": {
								"north": {"uv": [9, 7], "uv_size": [1.5, 0.1875]},
								"east": {"uv": [13, 3], "uv_size": [0.1875, 0.1875]},
								"south": {"uv": [9, 8], "uv_size": [1.5, 0.1875]},
								"west": {"uv": [4, 13], "uv_size": [0.1875, 0.1875]},
								"up": {"uv": [9, 9], "uv_size": [1.5, 0.1875]},
								"down": {"uv": [0, 10.1875], "uv_size": [1.5, -0.1875]}
							}
						},
						{
							"origin": [-0.675, 0.4125, -2.9375],
							"size": [1.35, 0.6125, 0.575],
							"inflate": 0.01,
							"uv": {
								"north": {"uv": [6, 2], "uv_size": [1.25, 0.625]},
								"east": {"uv": [9, 1], "uv_size": [0.5625, 0.625]},
								"south": {"uv": [0, 7], "uv_size": [1.25, 0.625]},
								"west": {"uv": [9, 2], "uv_size": [0.5625, 0.625]},
								"up": {"uv": [7, 4], "uv_size": [1.25, 0.5625]},
								"down": {"uv": [5, 7.5625], "uv_size": [1.25, -0.5625]}
							}
						}
					]
				},
				{
					"name": "body_illuminated",
					"parent": "body",
					"pivot": [0, 0, 0],
					"cubes": [
						{
							"origin": [0.125, 0.5125, -2.8125],
							"size": [0.35, 0.05, 0.0125],
							"pivot": [-0.525, 0.4625, -1.8125],
							"rotation": [0, 0, -90],
							"uv": {
								"north": {"uv": [13, 12], "uv_size": [0.34375, 0.0625]},
								"east": {"uv": [15, 4], "uv_size": [0.03125, 0.0625]},
								"south": {"uv": [13, 13], "uv_size": [0.34375, 0.0625]},
								"west": {"uv": [5, 15], "uv_size": [0.03125, 0.0625]},
								"up": {"uv": [13, 14], "uv_size": [0.34375, 0.03125]},
								"down": {"uv": [14, 13.03125], "uv_size": [0.34375, -0.03125]}
							}
						},
						{
							"origin": [-0.625, 1.0625, -2.8125],
							"size": [0.45, 0.05, 0.0125],
							"uv": {
								"north": {"uv": [13, 5], "uv_size": [0.4375, 0.0625]},
								"east": {"uv": [15, 5], "uv_size": [0.03125, 0.0625]},
								"south": {"uv": [6, 13], "uv_size": [0.4375, 0.0625]},
								"west": {"uv": [6, 15], "uv_size": [0.03125, 0.0625]},
								"up": {"uv": [8, 14], "uv_size": [0.4375, 0.03125]},
								"down": {"uv": [14, 8.03125], "uv_size": [0.4375, -0.03125]}
							}
						},
						{
							"origin": [0.175, 1.0625, -2.8125],
							"size": [0.45, 0.05, 0.0125],
							"uv": {
								"north": {"uv": [13, 6], "uv_size": [0.4375, 0.0625]},
								"east": {"uv": [15, 6], "uv_size": [0.03125, 0.0625]},
								"south": {"uv": [7, 13], "uv_size": [0.4375, 0.0625]},
								"west": {"uv": [7, 15], "uv_size": [0.03125, 0.0625]},
								"up": {"uv": [9, 14], "uv_size": [0.4375, 0.03125]},
								"down": {"uv": [14, 9.03125], "uv_size": [0.4375, -0.03125]}
							}
						},
						{
							"origin": [1.275, 1.2875, -2.8125],
							"size": [0.35, 0.05, 0.0125],
							"pivot": [0.625, 1.2875, -1.8125],
							"rotation": [0, 0, -90],
							"uv": {
								"north": {"uv": [0, 14], "uv_size": [0.34375, 0.0625]},
								"east": {"uv": [15, 7], "uv_size": [0.03125, 0.0625]},
								"south": {"uv": [14, 0], "uv_size": [0.34375, 0.0625]},
								"west": {"uv": [8, 15], "uv_size": [0.03125, 0.0625]},
								"up": {"uv": [14, 14], "uv_size": [0.34375, 0.03125]},
								"down": {"uv": [0, 15.03125], "uv_size": [0.34375, -0.03125]}
							}
						},
						{
							"origin": [0.175, 2.2875, -2.8125],
							"size": [0.45, 0.05, 0.0125],
							"uv": {
								"north": {"uv": [13, 7], "uv_size": [0.4375, 0.0625]},
								"east": {"uv": [15, 8], "uv_size": [0.03125, 0.0625]},
								"south": {"uv": [8, 13], "uv_size": [0.4375, 0.0625]},
								"west": {"uv": [9, 15], "uv_size": [0.03125, 0.0625]},
								"up": {"uv": [10, 14], "uv_size": [0.4375, 0.03125]},
								"down": {"uv": [14, 10.03125], "uv_size": [0.4375, -0.03125]}
							}
						},
						{
							"origin": [0.125, 1.3375, -2.8125],
							"size": [0.35, 0.05, 0.0125],
							"pivot": [-0.525, 1.2875, -1.8125],
							"rotation": [0, 0, -90],
							"uv": {
								"north": {"uv": [1, 14], "uv_size": [0.34375, 0.0625]},
								"east": {"uv": [15, 9], "uv_size": [0.03125, 0.0625]},
								"south": {"uv": [14, 1], "uv_size": [0.34375, 0.0625]},
								"west": {"uv": [10, 15], "uv_size": [0.03125, 0.0625]},
								"up": {"uv": [15, 0], "uv_size": [0.34375, 0.03125]},
								"down": {"uv": [1, 15.03125], "uv_size": [0.34375, -0.03125]}
							}
						},
						{
							"origin": [-0.625, 2.2875, -2.8125],
							"size": [0.45, 0.05, 0.0125],
							"uv": {
								"north": {"uv": [13, 8], "uv_size": [0.4375, 0.0625]},
								"east": {"uv": [15, 10], "uv_size": [0.03125, 0.0625]},
								"south": {"uv": [9, 13], "uv_size": [0.4375, 0.0625]},
								"west": {"uv": [11, 15], "uv_size": [0.03125, 0.0625]},
								"up": {"uv": [11, 14], "uv_size": [0.4375, 0.03125]},
								"down": {"uv": [14, 11.03125], "uv_size": [0.4375, -0.03125]}
							}
						},
						{
							"origin": [1.275, 0.4625, -2.8125],
							"size": [0.35, 0.05, 0.0125],
							"pivot": [0.625, 0.4625, -1.8125],
							"rotation": [0, 0, -90],
							"uv": {
								"north": {"uv": [2, 14], "uv_size": [0.34375, 0.0625]},
								"east": {"uv": [15, 11], "uv_size": [0.03125, 0.0625]},
								"south": {"uv": [14, 2], "uv_size": [0.34375, 0.0625]},
								"west": {"uv": [12, 15], "uv_size": [0.03125, 0.0625]},
								"up": {"uv": [15, 1], "uv_size": [0.34375, 0.03125]},
								"down": {"uv": [2, 15.03125], "uv_size": [0.34375, -0.03125]}
							}
						}
					]
				},
				{
					"name": "scope_view",
					"pivot": [0, 1.725, 2.6875]
				},
				{
					"name": "division",
					"pivot": [0, 1.6875, -66.5125]
				},
				{
					"name": "division_illuminated",
					"parent": "division",
					"pivot": [0.05, 1.05, -92.2875],
					"cubes": [
						{
							"origin": [0.0625, 0.6, -94.7],
							"size": [0.8125, 0.8125, 0.1],
							"pivot": [-0.275, 0.6, -93.7],
							"rotation": [0, 0, -45],
							"uv": {
								"north": {"uv": [1, 2], "uv_size": [0.8125, 0.8125]},
								"east": {"uv": [6, 12], "uv_size": [0.09375, 0.8125]},
								"south": {"uv": [5, 6], "uv_size": [0.8125, 0.8125]},
								"west": {"uv": [12, 6], "uv_size": [0.09375, 0.8125]},
								"up": {"uv": [7, 12], "uv_size": [0.8125, 0.09375]},
								"down": {"uv": [12, 7.09375], "uv_size": [0.8125, -0.09375]}
							}
						}
					]
				},
				{
					"name": "ocular",
					"pivot": [0, 0, 0],
					"cubes": [
						{
							"origin": [-0.575, 1.1125, -2.8125],
							"size": [1.15, 1.175, 0.0125],
							"uv": {
								"south": {"uv": [4, 4], "uv_size": [1.15625, 1.1875]}
							}
						},
						{
							"origin": [-0.175, 2.2875, -2.8125],
							"size": [0.35, 0.05, 0.0125],
							"uv": {
								"south": {"uv": [3, 14], "uv_size": [0.34375, 0.0625]}
							}
						},
						{
							"origin": [-0.175, 1.0625, -2.8125],
							"size": [0.35, 0.05, 0.0125],
							"uv": {
								"south": {"uv": [14, 3], "uv_size": [0.34375, 0.0625]}
							}
						},
						{
							"origin": [-0.625, 1.4625, -2.8125],
							"size": [0.05, 0.475, 0.0125],
							"uv": {
								"south": {"uv": [13, 4], "uv_size": [0.0625, 0.46875]}
							}
						},
						{
							"origin": [0.575, 1.4625, -2.8125],
							"size": [0.05, 0.475, 0.0125],
							"uv": {
								"south": {"uv": [5, 13], "uv_size": [0.0625, 0.46875]}
							}
						}
					]
				}
			]
		}
	]
}