{
	"format_version": "1.12.0",
	"minecraft:geometry": [
		{
			"description": {
				"identifier": "geometry.unknown",
				"texture_width": 32,
				"texture_height": 32,
				"visible_bounds_width": 2,
				"visible_bounds_height": 3,
				"visible_bounds_offset": [0, 0.5, 0]
			},
			"bones": [
				{
					"name": "bayonet",
					"pivot": [-0.125, -1.92204, -5.76518],
					"cubes": [
						{
							"origin": [-0.4, 0.46298, -2.17906],
							"size": [0.8, 0.7, 1.5125],
							"pivot": [0, 0.03173, -2.75],
							"rotation": [0, 0, -90],
							"uv": {
								"north": {"uv": [6, 9], "uv_size": [1, 1.25]},
								"east": {"uv": [13, 14], "uv_size": [0.25, 1.25]},
								"south": {"uv": [9, 8], "uv_size": [1, 1.25]},
								"west": {"uv": [14, 13], "uv_size": [0.25, 1.25]},
								"up": {"uv": [7, 15], "uv_size": [1, 0.25]},
								"down": {"uv": [15, 7.25], "uv_size": [1, -0.25]}
							}
						},
						{
							"origin": [-0.69347, 0.88508, -2.17906],
							"size": [0.55, 0.55, 1.5125],
							"pivot": [-0.54347, 0.45383, -2.75],
							"rotation": [0, 0, -135],
							"uv": {
								"north": {"uv": [6, 9], "uv_size": [1, 1.25]},
								"east": {"uv": [13, 14], "uv_size": [0.25, 1.25]},
								"south": {"uv": [9, 8], "uv_size": [1, 1.25]},
								"west": {"uv": [14, 13], "uv_size": [0.25, 1.25]},
								"up": {"uv": [7, 15], "uv_size": [1, 0.25]},
								"down": {"uv": [15, 7.25], "uv_size": [1, -0.25]}
							}
						},
						{
							"origin": [-0.49347, 0.88508, -0.87906],
							"size": [0.55, 0.55, 0.7625],
							"pivot": [-0.34347, 0.45383, -1.45],
							"rotation": [0, 0, -135],
							"uv": {
								"north": {"uv": [6, 9], "uv_size": [1, 1.25]},
								"east": {"uv": [13, 14], "uv_size": [0.25, 1.25]},
								"south": {"uv": [9, 8], "uv_size": [1, 1.25]},
								"west": {"uv": [14, 13], "uv_size": [0.25, 1.25]},
								"up": {"uv": [7, 15], "uv_size": [1, 0.25]},
								"down": {"uv": [15, 7.25], "uv_size": [1, -0.25]}
							}
						},
						{
							"origin": [-0.4, 1.00267, -2.30631],
							"size": [0.8, 1.2125, 0.1875],
							"pivot": [0, 0.03173, -2.75],
							"rotation": [-90, 0, -90],
							"uv": {
								"north": {"uv": [15, 13], "uv_size": [0.75, 0.25]},
								"east": {"uv": [12, 17], "uv_size": [0.25, 0.25]},
								"south": {"uv": [14, 15], "uv_size": [0.75, 0.25]},
								"west": {"uv": [17, 12], "uv_size": [0.25, 0.25]},
								"up": {"uv": [15, 14], "uv_size": [0.75, 0.25]},
								"down": {"uv": [15, 15.25], "uv_size": [0.75, -0.25]}
							}
						},
						{
							"origin": [-0.4, 0.46298, 0.42094],
							"size": [0.8, 0.15, 2.0125],
							"pivot": [0, 0.03173, -0.15],
							"rotation": [0, 0, -90],
							"uv": {
								"north": {"uv": [6, 9], "uv_size": [1, 1.25]},
								"east": {"uv": [13, 14], "uv_size": [0.25, 1.25]},
								"south": {"uv": [9, 8], "uv_size": [1, 1.25]},
								"west": {"uv": [14, 13], "uv_size": [0.25, 1.25]},
								"up": {"uv": [7, 15], "uv_size": [1, 0.25]},
								"down": {"uv": [15, 7.25], "uv_size": [1, -0.25]}
							}
						},
						{
							"origin": [-0.44662, 0.60267, 1.69954],
							"size": [0.8, 0.7125, 0.1875],
							"pivot": [0, 0.03173, 1.15],
							"rotation": [-90, 0, 150],
							"uv": {
								"north": {"uv": [16, 6], "uv_size": [0.75, 0.25]},
								"east": {"uv": [15, 17], "uv_size": [0.25, 0.25]},
								"south": {"uv": [7, 16], "uv_size": [0.75, 0.25]},
								"west": {"uv": [17, 15], "uv_size": [0.25, 0.25]},
								"up": {"uv": [16, 7], "uv_size": [0.75, 0.25]},
								"down": {"uv": [8, 16.25], "uv_size": [0.75, -0.25]}
							}
						},
						{
							"origin": [-0.35337, 3.60267, -1.30047],
							"size": [0.8, 0.7125, 0.1875],
							"pivot": [0, 0.03173, -1.85],
							"rotation": [-90, 0, 30],
							"uv": {
								"north": {"uv": [16, 4], "uv_size": [0.75, 0.25]},
								"east": {"uv": [14, 17], "uv_size": [0.25, 0.25]},
								"south": {"uv": [5, 16], "uv_size": [0.75, 0.25]},
								"west": {"uv": [17, 14], "uv_size": [0.25, 0.25]},
								"up": {"uv": [16, 5], "uv_size": [0.75, 0.25]},
								"down": {"uv": [6, 16.25], "uv_size": [0.75, -0.25]}
							}
						},
						{
							"origin": [-0.40337, 3.60267, -1.27549],
							"size": [0.8, 0.7125, 0.1875],
							"pivot": [0, 0.03173, -1.85],
							"rotation": [-90, 0, -30],
							"uv": {
								"north": {"uv": [16, 0], "uv_size": [0.75, 0.25]},
								"east": {"uv": [13, 17], "uv_size": [0.25, 0.25]},
								"south": {"uv": [16, 1], "uv_size": [0.75, 0.25]},
								"west": {"uv": [17, 13], "uv_size": [0.25, 0.25]},
								"up": {"uv": [16, 2], "uv_size": [0.75, 0.25]},
								"down": {"uv": [16, 3.25], "uv_size": [0.75, -0.25]}
							}
						},
						{
							"origin": [-0.45, 0.60267, 1.69369],
							"size": [0.9, 0.7125, 0.1875],
							"pivot": [0, 0.03173, 1.15],
							"rotation": [-90, 0, -90],
							"uv": {
								"north": {"uv": [15, 13], "uv_size": [0.75, 0.25]},
								"east": {"uv": [12, 17], "uv_size": [0.25, 0.25]},
								"south": {"uv": [14, 15], "uv_size": [0.75, 0.25]},
								"west": {"uv": [17, 12], "uv_size": [0.25, 0.25]},
								"up": {"uv": [15, 14], "uv_size": [0.75, 0.25]},
								"down": {"uv": [15, 15.25], "uv_size": [0.75, -0.25]}
							}
						},
						{
							"origin": [-0.45, 0.51298, 0.42094],
							"size": [0.9, 0.2, 0.4125],
							"pivot": [0, 0.03173, -0.45],
							"rotation": [0, 0, -90],
							"uv": {
								"north": {"uv": [6, 9], "uv_size": [1, 1.25]},
								"east": {"uv": [13, 14], "uv_size": [0.25, 1.25]},
								"south": {"uv": [9, 8], "uv_size": [1, 1.25]},
								"west": {"uv": [14, 13], "uv_size": [0.25, 1.25]},
								"up": {"uv": [7, 15], "uv_size": [1, 0.25]},
								"down": {"uv": [15, 7.25], "uv_size": [1, -0.25]}
							}
						},
						{
							"origin": [-0.35337, 3.90267, -2.90047],
							"size": [0.8, 0.4125, 0.1875],
							"pivot": [0, 0.03173, -3.45],
							"rotation": [-90, 0, 30],
							"uv": {
								"north": {"uv": [16, 4], "uv_size": [0.75, 0.25]},
								"east": {"uv": [14, 17], "uv_size": [0.25, 0.25]},
								"south": {"uv": [5, 16], "uv_size": [0.75, 0.25]},
								"west": {"uv": [17, 14], "uv_size": [0.25, 0.25]},
								"up": {"uv": [16, 5], "uv_size": [0.75, 0.25]},
								"down": {"uv": [6, 16.25], "uv_size": [0.75, -0.25]}
							}
						},
						{
							"origin": [-0.44662, 0.90267, 0.09954],
							"size": [0.8, 0.4125, 0.1875],
							"pivot": [0, 0.03173, -0.45],
							"rotation": [-90, 0, 150],
							"uv": {
								"north": {"uv": [16, 6], "uv_size": [0.75, 0.25]},
								"east": {"uv": [15, 17], "uv_size": [0.25, 0.25]},
								"south": {"uv": [7, 16], "uv_size": [0.75, 0.25]},
								"west": {"uv": [17, 15], "uv_size": [0.25, 0.25]},
								"up": {"uv": [16, 7], "uv_size": [0.75, 0.25]},
								"down": {"uv": [8, 16.25], "uv_size": [0.75, -0.25]}
							}
						},
						{
							"origin": [-0.39662, 0.90267, 0.12451],
							"size": [0.8, 0.4125, 0.1875],
							"pivot": [0, 0.03173, -0.45],
							"rotation": [-90, 0, -150],
							"uv": {
								"north": {"uv": [16, 8], "uv_size": [0.75, 0.25]},
								"east": {"uv": [16, 17], "uv_size": [0.25, 0.25]},
								"south": {"uv": [9, 16], "uv_size": [0.75, 0.25]},
								"west": {"uv": [17, 16], "uv_size": [0.25, 0.25]},
								"up": {"uv": [16, 9], "uv_size": [0.75, 0.25]},
								"down": {"uv": [10, 16.25], "uv_size": [0.75, -0.25]}
							}
						},
						{
							"origin": [-0.40337, 3.90267, -2.87549],
							"size": [0.8, 0.4125, 0.1875],
							"pivot": [0, 0.03173, -3.45],
							"rotation": [-90, 0, -30],
							"uv": {
								"north": {"uv": [16, 0], "uv_size": [0.75, 0.25]},
								"east": {"uv": [13, 17], "uv_size": [0.25, 0.25]},
								"south": {"uv": [16, 1], "uv_size": [0.75, 0.25]},
								"west": {"uv": [17, 13], "uv_size": [0.25, 0.25]},
								"up": {"uv": [16, 2], "uv_size": [0.75, 0.25]},
								"down": {"uv": [16, 3.25], "uv_size": [0.75, -0.25]}
							}
						},
						{
							"origin": [-0.45, 0.90267, 0.09369],
							"size": [0.9, 0.4125, 0.1875],
							"pivot": [0, 0.03173, -0.45],
							"rotation": [-90, 0, -90],
							"uv": {
								"north": {"uv": [15, 13], "uv_size": [0.75, 0.25]},
								"east": {"uv": [12, 17], "uv_size": [0.25, 0.25]},
								"south": {"uv": [14, 15], "uv_size": [0.75, 0.25]},
								"west": {"uv": [17, 12], "uv_size": [0.25, 0.25]},
								"up": {"uv": [15, 14], "uv_size": [0.75, 0.25]},
								"down": {"uv": [15, 15.25], "uv_size": [0.75, -0.25]}
							}
						},
						{
							"origin": [-0.39662, 0.60267, 1.72451],
							"size": [0.8, 0.7125, 0.1875],
							"pivot": [0, 0.03173, 1.15],
							"rotation": [-90, 0, -150],
							"uv": {
								"north": {"uv": [16, 8], "uv_size": [0.75, 0.25]},
								"east": {"uv": [16, 17], "uv_size": [0.25, 0.25]},
								"south": {"uv": [9, 16], "uv_size": [0.75, 0.25]},
								"west": {"uv": [17, 16], "uv_size": [0.25, 0.25]},
								"up": {"uv": [16, 9], "uv_size": [0.75, 0.25]},
								"down": {"uv": [10, 16.25], "uv_size": [0.75, -0.25]}
							}
						},
						{
							"origin": [-0.45, 0.56298, 1.72094],
							"size": [0.9, 0.15, 0.7125],
							"pivot": [0, 0.03173, 1.15],
							"rotation": [0, 0, -90],
							"uv": {
								"north": {"uv": [6, 9], "uv_size": [1, 1.25]},
								"east": {"uv": [13, 14], "uv_size": [0.25, 1.25]},
								"south": {"uv": [9, 8], "uv_size": [1, 1.25]},
								"west": {"uv": [14, 13], "uv_size": [0.25, 1.25]},
								"up": {"uv": [7, 15], "uv_size": [1, 0.25]},
								"down": {"uv": [15, 7.25], "uv_size": [1, -0.25]}
							}
						},
						{
							"origin": [-0.39662, 0.60267, 0.29954],
							"size": [0.7, 2.0125, 0.1875],
							"pivot": [0, 0.03173, -0.15],
							"rotation": [-90, 0, 150],
							"uv": {
								"north": {"uv": [16, 6], "uv_size": [0.75, 0.25]},
								"east": {"uv": [15, 17], "uv_size": [0.25, 0.25]},
								"south": {"uv": [7, 16], "uv_size": [0.75, 0.25]},
								"west": {"uv": [17, 15], "uv_size": [0.25, 0.25]},
								"up": {"uv": [16, 7], "uv_size": [0.75, 0.25]},
								"down": {"uv": [8, 16.25], "uv_size": [0.75, -0.25]}
							}
						},
						{
							"origin": [-0.34662, 0.60267, 0.32451],
							"size": [0.7, 2.0125, 0.1875],
							"pivot": [0, 0.03173, -0.15],
							"rotation": [-90, 0, -150],
							"uv": {
								"north": {"uv": [16, 8], "uv_size": [0.75, 0.25]},
								"east": {"uv": [16, 17], "uv_size": [0.25, 0.25]},
								"south": {"uv": [9, 16], "uv_size": [0.75, 0.25]},
								"west": {"uv": [17, 16], "uv_size": [0.25, 0.25]},
								"up": {"uv": [16, 9], "uv_size": [0.75, 0.25]},
								"down": {"uv": [10, 16.25], "uv_size": [0.75, -0.25]}
							}
						},
						{
							"origin": [-0.4, 0.60267, 0.29369],
							"size": [0.8, 2.0125, 0.1875],
							"pivot": [0, 0.03173, -0.15],
							"rotation": [-90, 0, -90],
							"uv": {
								"north": {"uv": [15, 13], "uv_size": [0.75, 0.25]},
								"east": {"uv": [12, 17], "uv_size": [0.25, 0.25]},
								"south": {"uv": [14, 15], "uv_size": [0.75, 0.25]},
								"west": {"uv": [17, 12], "uv_size": [0.25, 0.25]},
								"up": {"uv": [15, 14], "uv_size": [0.75, 0.25]},
								"down": {"uv": [15, 15.25], "uv_size": [0.75, -0.25]}
							}
						},
						{
							"origin": [-0.35337, 1.00267, -2.27549],
							"size": [0.7, 3.7125, 0.1875],
							"pivot": [0, 0.03173, -2.75],
							"rotation": [-90, 0, -30],
							"uv": {
								"north": {"uv": [16, 0], "uv_size": [0.75, 0.25]},
								"east": {"uv": [13, 17], "uv_size": [0.25, 0.25]},
								"south": {"uv": [16, 1], "uv_size": [0.75, 0.25]},
								"west": {"uv": [17, 13], "uv_size": [0.25, 0.25]},
								"up": {"uv": [16, 2], "uv_size": [0.75, 0.25]},
								"down": {"uv": [16, 3.25], "uv_size": [0.75, -0.25]}
							}
						},
						{
							"origin": [-0.30337, 1.00267, -2.30047],
							"size": [0.7, 3.7125, 0.1875],
							"pivot": [0, 0.03173, -2.75],
							"rotation": [-90, 0, 30],
							"uv": {
								"north": {"uv": [16, 4], "uv_size": [0.75, 0.25]},
								"east": {"uv": [14, 17], "uv_size": [0.25, 0.25]},
								"south": {"uv": [5, 16], "uv_size": [0.75, 0.25]},
								"west": {"uv": [17, 14], "uv_size": [0.25, 0.25]},
								"up": {"uv": [16, 5], "uv_size": [0.75, 0.25]},
								"down": {"uv": [6, 16.25], "uv_size": [0.75, -0.25]}
							}
						},
						{
							"origin": [-0.93078, -5.94333, -2.91656],
							"size": [0.6, 6.5125, 0.1875],
							"pivot": [-0.68078, -0.18708, -2.82281],
							"rotation": [-90, 2, 50],
							"uv": {
								"north": {"uv": [16, 4], "uv_size": [0.75, 0.25]},
								"east": {"uv": [14, 17], "uv_size": [0.25, 0.25]},
								"south": {"uv": [5, 16], "uv_size": [0.75, 0.25]},
								"west": {"uv": [17, 14], "uv_size": [0.25, 0.25]},
								"up": {"uv": [16, 5], "uv_size": [0.75, 0.25]},
								"down": {"uv": [6, 16.25], "uv_size": [0.75, -0.25]}
							}
						},
						{
							"origin": [-1.36609, -3.2178, -5.41678],
							"size": [0.6, 6.5125, 0.1875],
							"pivot": [-1.06609, 0.03845, -5.32303],
							"rotation": [-90, 2, 180],
							"uv": {
								"north": {"uv": [16, 4], "uv_size": [0.75, 0.25]},
								"east": {"uv": [14, 17], "uv_size": [0.25, 0.25]},
								"south": {"uv": [5, 16], "uv_size": [0.75, 0.25]},
								"west": {"uv": [17, 14], "uv_size": [0.25, 0.25]},
								"up": {"uv": [16, 5], "uv_size": [0.75, 0.25]},
								"down": {"uv": [6, 16.25], "uv_size": [0.75, -0.25]}
							}
						},
						{
							"origin": [-0.80579, -3.50571, -9.31656],
							"size": [0.475, 4.5125, 0.1875],
							"pivot": [-0.68079, 0.25054, -9.22281],
							"rotation": [-90, -2, 130],
							"uv": {
								"north": {"uv": [16, 6], "uv_size": [0.75, 0.25]},
								"east": {"uv": [15, 17], "uv_size": [0.25, 0.25]},
								"south": {"uv": [7, 16], "uv_size": [0.75, 0.25]},
								"west": {"uv": [17, 15], "uv_size": [0.25, 0.25]},
								"up": {"uv": [16, 7], "uv_size": [0.75, 0.25]},
								"down": {"uv": [8, 16.25], "uv_size": [0.75, -0.25]}
							}
						},
						{
							"origin": [-1.03078, -3.94333, -9.31656],
							"size": [0.475, 4.5125, 0.1875],
							"pivot": [-0.68078, -0.18708, -9.22281],
							"rotation": [-90, 2, 50],
							"uv": {
								"north": {"uv": [16, 4], "uv_size": [0.75, 0.25]},
								"east": {"uv": [14, 17], "uv_size": [0.25, 0.25]},
								"south": {"uv": [5, 16], "uv_size": [0.75, 0.25]},
								"west": {"uv": [17, 14], "uv_size": [0.25, 0.25]},
								"up": {"uv": [16, 5], "uv_size": [0.75, 0.25]},
								"down": {"uv": [6, 16.25], "uv_size": [0.75, -0.25]}
							}
						},
						{
							"origin": [-1.17609, -2.2178, -10.81172],
							"size": [0.475, 4.5125, 0.1875],
							"pivot": [-0.93859, 0.03845, -10.71797],
							"rotation": [-90, 2, 180],
							"uv": {
								"north": {"uv": [16, 4], "uv_size": [0.75, 0.25]},
								"east": {"uv": [14, 17], "uv_size": [0.25, 0.25]},
								"south": {"uv": [5, 16], "uv_size": [0.75, 0.25]},
								"west": {"uv": [17, 14], "uv_size": [0.25, 0.25]},
								"up": {"uv": [16, 5], "uv_size": [0.75, 0.25]},
								"down": {"uv": [6, 16.25], "uv_size": [0.75, -0.25]}
							}
						},
						{
							"origin": [-0.63079, -5.50571, -13.81656],
							"size": [0.2, 6.5125, 0.1875],
							"pivot": [-0.68079, 0.25054, -13.72281],
							"rotation": [-90, -2, 130],
							"uv": {
								"north": {"uv": [16, 6], "uv_size": [0.75, 0.25]},
								"east": {"uv": [15, 17], "uv_size": [0.25, 0.25]},
								"south": {"uv": [7, 16], "uv_size": [0.75, 0.25]},
								"west": {"uv": [17, 15], "uv_size": [0.25, 0.25]},
								"up": {"uv": [16, 7], "uv_size": [0.75, 0.25]},
								"down": {"uv": [8, 16.25], "uv_size": [0.75, -0.25]}
							}
						},
						{
							"origin": [-0.93078, -5.94333, -13.81656],
							"size": [0.2, 6.5125, 0.1875],
							"pivot": [-0.68078, -0.18708, -13.72281],
							"rotation": [-90, 2, 50],
							"uv": {
								"north": {"uv": [16, 4], "uv_size": [0.75, 0.25]},
								"east": {"uv": [14, 17], "uv_size": [0.25, 0.25]},
								"south": {"uv": [5, 16], "uv_size": [0.75, 0.25]},
								"west": {"uv": [17, 14], "uv_size": [0.25, 0.25]},
								"up": {"uv": [16, 5], "uv_size": [0.75, 0.25]},
								"down": {"uv": [6, 16.25], "uv_size": [0.75, -0.25]}
							}
						},
						{
							"origin": [-0.96621, -3.2178, -16.3098],
							"size": [0.2, 6.5125, 0.1875],
							"pivot": [-0.86621, 0.03845, -16.21605],
							"rotation": [-90, 2, 180],
							"uv": {
								"north": {"uv": [16, 4], "uv_size": [0.75, 0.25]},
								"east": {"uv": [14, 17], "uv_size": [0.25, 0.25]},
								"south": {"uv": [5, 16], "uv_size": [0.75, 0.25]},
								"west": {"uv": [17, 14], "uv_size": [0.25, 0.25]},
								"up": {"uv": [16, 5], "uv_size": [0.75, 0.25]},
								"down": {"uv": [6, 16.25], "uv_size": [0.75, -0.25]}
							}
						},
						{
							"origin": [-0.39662, 1.00267, -2.30046],
							"size": [0.7, 1.2125, 0.1875],
							"pivot": [0, 0.03173, -2.75],
							"rotation": [-90, 0, 150],
							"uv": {
								"north": {"uv": [16, 6], "uv_size": [0.75, 0.25]},
								"east": {"uv": [15, 17], "uv_size": [0.25, 0.25]},
								"south": {"uv": [7, 16], "uv_size": [0.75, 0.25]},
								"west": {"uv": [17, 15], "uv_size": [0.25, 0.25]},
								"up": {"uv": [16, 7], "uv_size": [0.75, 0.25]},
								"down": {"uv": [8, 16.25], "uv_size": [0.75, -0.25]}
							}
						},
						{
							"origin": [-1.03079, -5.50571, -2.91656],
							"size": [0.6, 6.5125, 0.1875],
							"pivot": [-0.68079, 0.25054, -2.82281],
							"rotation": [-90, -2, 130],
							"uv": {
								"north": {"uv": [16, 6], "uv_size": [0.75, 0.25]},
								"east": {"uv": [15, 17], "uv_size": [0.25, 0.25]},
								"south": {"uv": [7, 16], "uv_size": [0.75, 0.25]},
								"west": {"uv": [17, 15], "uv_size": [0.25, 0.25]},
								"up": {"uv": [16, 7], "uv_size": [0.75, 0.25]},
								"down": {"uv": [8, 16.25], "uv_size": [0.75, -0.25]}
							}
						},
						{
							"origin": [-0.34662, 1.00267, -2.27549],
							"size": [0.7, 1.2125, 0.1875],
							"pivot": [0, 0.03173, -2.75],
							"rotation": [-90, 0, -150],
							"uv": {
								"north": {"uv": [16, 8], "uv_size": [0.75, 0.25]},
								"east": {"uv": [16, 17], "uv_size": [0.25, 0.25]},
								"south": {"uv": [9, 16], "uv_size": [0.75, 0.25]},
								"west": {"uv": [17, 16], "uv_size": [0.25, 0.25]},
								"up": {"uv": [16, 9], "uv_size": [0.75, 0.25]},
								"down": {"uv": [10, 16.25], "uv_size": [0.75, -0.25]}
							}
						}
					]
				},
				{
					"name": "octagon",
					"parent": "bayonet",
					"pivot": [0, -1.8, 6.2]
				}
			]
		}
	]
}