{
	"format_version": "1.12.0",
	"minecraft:geometry": [
		{
			"description": {
				"identifier": "geometry.unknown",
				"texture_width": 32,
				"texture_height": 32,
				"visible_bounds_width": 2,
				"visible_bounds_height": 3,
				"visible_bounds_offset": [0, 0.5, 0]
			},
			"bones": [
				{
					"name": "bayonet",
					"pivot": [-0.125, -1.92204, -5.76518],
					"cubes": [
						{
							"origin": [-0.375, -2.26202, 2.82094],
							"size": [0.75, 1.4, 2],
							"pivot": [0, -1.66827, -0.75],
							"rotation": [0, 0, 180],
							"uv": {
								"north": {"uv": [8, 10], "uv_size": [0.75, 1.5]},
								"east": {"uv": [0, 5], "uv_size": [2, 1.5]},
								"south": {"uv": [10, 8], "uv_size": [0.75, 1.5]},
								"west": {"uv": [2, 5], "uv_size": [2, 1.5]},
								"up": {"uv": [8, 8], "uv_size": [0.75, 2]},
								"down": {"uv": [5, 11], "uv_size": [0.75, -2]}
							}
						},
						{
							"origin": [-0.375, -2.93288, 2.26059],
							"size": [0.75, 0.375, 0.375],
							"inflate": 0.01,
							"pivot": [0, -1.56827, 1.05],
							"rotation": [45, 0, 180],
							"uv": {
								"north": {"uv": [13, 12], "uv_size": [0.75, 0.5]},
								"east": {"uv": [6, 15], "uv_size": [0.5, 0.5]},
								"south": {"uv": [13, 13], "uv_size": [0.75, 0.5]},
								"west": {"uv": [15, 6], "uv_size": [0.5, 0.5]},
								"up": {"uv": [1, 14], "uv_size": [0.75, 0.5]},
								"down": {"uv": [14, 2.5], "uv_size": [0.75, -0.5]}
							}
						},
						{
							"origin": [-0.375, -2.01202, 0.07094],
							"size": [0.75, 1, 2.75],
							"pivot": [0, -1.66827, -0.75],
							"rotation": [0, 0, 180],
							"uv": {
								"east": {"uv": [0, 2], "uv_size": [3.75, 1]},
								"west": {"uv": [0, 3], "uv_size": [3.75, 1]},
								"up": {"uv": [5, 5], "uv_size": [0.75, 3.75]},
								"down": {"uv": [6, 8.75], "uv_size": [0.75, -3.75]}
							}
						},
						{
							"origin": [-0.377, -1.07073, 0.10898],
							"size": [0.75, 0.25, 2.75],
							"inflate": -0.002,
							"pivot": [-0.002, -1.57036, -0.74809],
							"rotation": [2.5, 0, 180],
							"uv": {
								"east": {"uv": [11, 0], "uv_size": [3.75, 0.25]},
								"west": {"uv": [11, 1], "uv_size": [3.75, 0.25]},
								"up": {"uv": [0, 7], "uv_size": [0.75, 3.75]}
							}
						},
						{
							"origin": [-0.373, -1.94737, 0.07294],
							"size": [0.75, 0.35, 2.75],
							"inflate": -0.002,
							"pivot": [0.002, -1.50994, -0.7705],
							"rotation": [0, 0, 180],
							"uv": {
								"east": {"uv": [11, 8], "uv_size": [3.75, 0.25]},
								"west": {"uv": [9, 11], "uv_size": [3.75, 0.25]},
								"down": {"uv": [1, 10.75], "uv_size": [0.75, -3.75]}
							}
						},
						{
							"origin": [-0.375, -1.88702, 4.82094],
							"size": [0.75, 1, 1],
							"pivot": [0, -1.66827, -0.75],
							"rotation": [0, 0, 180],
							"uv": {
								"east": {"uv": [9, 10], "uv_size": [1, 1]},
								"south": {"uv": [11, 10], "uv_size": [0.75, 1]},
								"west": {"uv": [10, 10], "uv_size": [1, 1]},
								"down": {"uv": [12, 3], "uv_size": [0.75, -1]}
							}
						},
						{
							"origin": [-0.5, -1.91202, -0.17906],
							"size": [1, 2.4, 0.3125],
							"pivot": [0, -1.16827, -0.75],
							"rotation": [0, 0, 180],
							"uv": {
								"north": {"uv": [6, 9], "uv_size": [1, 1.25]},
								"east": {"uv": [13, 14], "uv_size": [0.25, 1.25]},
								"south": {"uv": [9, 8], "uv_size": [1, 1.25]},
								"west": {"uv": [14, 13], "uv_size": [0.25, 1.25]},
								"up": {"uv": [7, 15], "uv_size": [1, 0.25]},
								"down": {"uv": [15, 7.25], "uv_size": [1, -0.25]}
							}
						},
						{
							"origin": [-0.5, -1.91202, 0.09594],
							"size": [1, 2.175, 0.2375],
							"pivot": [0, -1.16827, -0.45],
							"rotation": [0, 0, 180],
							"uv": {
								"north": {"uv": [6, 9], "uv_size": [1, 1.25]},
								"east": {"uv": [13, 14], "uv_size": [0.25, 1.25]},
								"south": {"uv": [9, 8], "uv_size": [1, 1.25]},
								"west": {"uv": [14, 13], "uv_size": [0.25, 1.25]},
								"up": {"uv": [7, 15], "uv_size": [1, 0.25]},
								"down": {"uv": [15, 7.25], "uv_size": [1, -0.25]}
							}
						},
						{
							"origin": [-0.09375, -2.81202, 0.13344],
							"size": [0.1875, 1.3, 0.35],
							"pivot": [0, -2.21827, -0.65],
							"rotation": [0, 0, 180],
							"uv": {
								"north": {"uv": [0, 15], "uv_size": [0.25, 1.25]},
								"east": {"uv": [15, 0], "uv_size": [0.25, 1.25]},
								"south": {"uv": [1, 15], "uv_size": [0.25, 1.25]},
								"west": {"uv": [3, 15], "uv_size": [0.25, 1.25]},
								"up": {"uv": [11, 17], "uv_size": [0.25, 0.25]},
								"down": {"uv": [17, 11.25], "uv_size": [0.25, -0.25]}
							}
						},
						{
							"origin": [-0.325, -8.2384, 8.70796],
							"size": [0.85, 0.5125, 0.1875],
							"pivot": [0.05, -8.8134, -0.75406],
							"rotation": [-90, 0, 180],
							"uv": {
								"north": {"uv": [15, 13], "uv_size": [0.75, 0.25]},
								"east": {"uv": [12, 17], "uv_size": [0.25, 0.25]},
								"south": {"uv": [14, 15], "uv_size": [0.75, 0.25]},
								"west": {"uv": [17, 12], "uv_size": [0.25, 0.25]},
								"up": {"uv": [15, 14], "uv_size": [0.75, 0.25]},
								"down": {"uv": [15, 15.25], "uv_size": [0.75, -0.25]}
							}
						},
						{
							"origin": [7.49423, -8.2817, 4.20796],
							"size": [0.8, 0.5125, 0.1875],
							"pivot": [0.075, -8.8567, -0.75406],
							"rotation": [-90, 0, -120],
							"uv": {
								"north": {"uv": [16, 0], "uv_size": [0.75, 0.25]},
								"east": {"uv": [13, 17], "uv_size": [0.25, 0.25]},
								"south": {"uv": [16, 1], "uv_size": [0.75, 0.25]},
								"west": {"uv": [17, 13], "uv_size": [0.25, 0.25]},
								"up": {"uv": [16, 2], "uv_size": [0.75, 0.25]},
								"down": {"uv": [16, 3.25], "uv_size": [0.75, -0.25]}
							}
						},
						{
							"origin": [0.92762, -0.56151, -1.22512],
							"size": [0.8, 0.5125, 0.1875],
							"pivot": [0.29065, -1.20745, -0.825],
							"rotation": [-90, 0, -60],
							"uv": {
								"north": {"uv": [16, 4], "uv_size": [0.75, 0.25]},
								"east": {"uv": [14, 17], "uv_size": [0.25, 0.25]},
								"south": {"uv": [5, 16], "uv_size": [0.75, 0.25]},
								"west": {"uv": [17, 14], "uv_size": [0.25, 0.25]},
								"up": {"uv": [16, 5], "uv_size": [0.75, 0.25]},
								"down": {"uv": [6, 16.25], "uv_size": [0.75, -0.25]}
							}
						},
						{
							"origin": [-8.26923, -8.325, -4.79204],
							"size": [0.8, 0.5125, 0.1875],
							"pivot": [-0.05, -8.9, -0.75406],
							"rotation": [-90, 0, 60],
							"uv": {
								"north": {"uv": [16, 6], "uv_size": [0.75, 0.25]},
								"east": {"uv": [15, 17], "uv_size": [0.25, 0.25]},
								"south": {"uv": [7, 16], "uv_size": [0.75, 0.25]},
								"west": {"uv": [17, 15], "uv_size": [0.25, 0.25]},
								"up": {"uv": [16, 7], "uv_size": [0.75, 0.25]},
								"down": {"uv": [8, 16.25], "uv_size": [0.75, -0.25]}
							}
						},
						{
							"origin": [-8.29423, -8.2817, 4.20796],
							"size": [0.8, 0.5125, 0.1875],
							"pivot": [-0.075, -8.8567, -0.75406],
							"rotation": [-90, 0, 120],
							"uv": {
								"north": {"uv": [16, 8], "uv_size": [0.75, 0.25]},
								"east": {"uv": [16, 17], "uv_size": [0.25, 0.25]},
								"south": {"uv": [9, 16], "uv_size": [0.75, 0.25]},
								"west": {"uv": [17, 16], "uv_size": [0.25, 0.25]},
								"up": {"uv": [16, 9], "uv_size": [0.75, 0.25]},
								"down": {"uv": [10, 16.25], "uv_size": [0.75, -0.25]}
							}
						},
						{
							"origin": [-0.24717, -3.44952, -0.17706],
							"size": [0.5, 0.625, 0.3125],
							"pivot": [0.00283, -2.48077, -0.748],
							"rotation": [0, 0, 0],
							"uv": {
								"north": {"uv": [14, 4], "uv_size": [0.5, 0.75]},
								"east": {"uv": [16, 10], "uv_size": [0.25, 0.75]},
								"south": {"uv": [5, 14], "uv_size": [0.5, 0.75]},
								"west": {"uv": [11, 16], "uv_size": [0.25, 0.75]}
							}
						},
						{
							"origin": [-0.24717, -2.76207, 0.34073],
							"size": [0.5, 0.22097, 0.22097],
							"pivot": [0.00283, -2.48077, -0.748],
							"rotation": [-45, 0, 0],
							"uv": {
								"east": {"uv": [17, 17], "uv_size": [0.25, 0.25]},
								"south": {"uv": [17, 3], "uv_size": [0.5, 0.25]},
								"west": {"uv": [0, 18], "uv_size": [0.25, 0.25]},
								"down": {"uv": [4, 17.25], "uv_size": [0.5, -0.25]}
							}
						},
						{
							"origin": [-0.5, -2.01207, 0.53873],
							"size": [1, 0.32097, 0.22097],
							"pivot": [0, -1.63077, -0.55],
							"rotation": [-45, 0, 0],
							"uv": {
								"east": {"uv": [17, 17], "uv_size": [0.25, 0.25]},
								"south": {"uv": [17, 3], "uv_size": [0.5, 0.25]},
								"west": {"uv": [0, 18], "uv_size": [0.25, 0.25]},
								"down": {"uv": [4, 17.25], "uv_size": [0.5, -0.25]}
							}
						},
						{
							"origin": [-0.10766, -3.0774, -0.17706],
							"size": [0.70711, 0.70711, 0.3125],
							"inflate": -0.002,
							"pivot": [0.00283, -2.48077, -0.748],
							"rotation": [0, 0, 45],
							"uv": {
								"north": {"uv": [12, 4], "uv_size": [0.75, 0.75]},
								"south": {"uv": [12, 7], "uv_size": [0.75, 0.75]},
								"west": {"uv": [16, 11], "uv_size": [0.25, 0.75]},
								"down": {"uv": [12, 16.25], "uv_size": [0.75, -0.25]}
							}
						},
						{
							"origin": [-0.375, 3.34947, 1.27617],
							"size": [0.25, 1.08211, 0.42678],
							"inflate": -0.002,
							"pivot": [0, -1.66827, -0.75],
							"rotation": [-70, 0, 180],
							"uv": {
								"north": {"uv": [9, 15], "uv_size": [0.25, 1]},
								"east": {"uv": [13, 7], "uv_size": [0.5, 1]},
								"south": {"uv": [15, 9], "uv_size": [0.25, 1]},
								"west": {"uv": [8, 13], "uv_size": [0.5, 1]},
								"down": {"uv": [17, 4.5], "uv_size": [0.25, -0.5]}
							}
						},
						{
							"origin": [-0.875, 3.34947, 1.27617],
							"size": [0.25, 1.08211, 0.42678],
							"inflate": -0.002,
							"pivot": [-0.5, -1.66827, -0.75],
							"rotation": [-70, 0, 180],
							"uv": {
								"north": {"uv": [12, 15], "uv_size": [0.25, 1]},
								"east": {"uv": [9, 13], "uv_size": [0.5, 1]},
								"south": {"uv": [15, 12], "uv_size": [0.25, 1]},
								"west": {"uv": [10, 13], "uv_size": [0.5, 1]},
								"down": {"uv": [17, 10.5], "uv_size": [0.25, -0.5]}
							}
						},
						{
							"origin": [-0.375, -6.62512, -4.09844],
							"size": [0.75, 0.65711, 0.42678],
							"inflate": -0.002,
							"pivot": [0, -1.66827, -0.55],
							"rotation": [135, 0, -180],
							"uv": {
								"east": {"uv": [14, 7], "uv_size": [0.5, 0.75]},
								"south": {"uv": [8, 12], "uv_size": [0.75, 0.75]},
								"west": {"uv": [8, 14], "uv_size": [0.5, 0.75]},
								"down": {"uv": [9, 14.5], "uv_size": [0.75, -0.5]}
							}
						},
						{
							"origin": [-0.375, -5.76221, 4.022],
							"size": [0.75, 0.83034, 0.42678],
							"inflate": -0.002,
							"pivot": [0, -1.66827, -0.75],
							"rotation": [45, 0, 180],
							"uv": {
								"east": {"uv": [10, 14], "uv_size": [0.5, 0.75]},
								"south": {"uv": [9, 12], "uv_size": [0.75, 0.75]},
								"west": {"uv": [14, 10], "uv_size": [0.5, 0.75]}
							}
						}
					]
				},
				{
					"name": "bone",
					"parent": "bayonet",
					"pivot": [0, -1.39312, -7.03886],
					"cubes": [
						{
							"origin": [-0.125, -2.26202, -0.97906],
							"size": [0.25, 1.25, 0.8],
							"pivot": [0, -1.66827, -0.75],
							"rotation": [0, 0, 180],
							"uv": {
								"north": {"uv": [15, 4], "uv_size": [0.25, 1.25]},
								"east": {"uv": [1, 11], "uv_size": [0.75, 1.25]},
								"west": {"uv": [5, 11], "uv_size": [0.75, 1.25]},
								"down": {"uv": [16, 12.75], "uv_size": [0.25, -0.75]}
							}
						},
						{
							"origin": [-0.125, -1.71202, -15.02906],
							"size": [0.25, 0.7, 14.05],
							"pivot": [0, -1.66827, -3.75],
							"rotation": [0, 0, 180],
							"uv": {
								"north": {"uv": [13, 16], "uv_size": [0.25, 0.75]},
								"east": {"uv": [0, 0], "uv_size": [11, 0.75]},
								"west": {"uv": [0, 1], "uv_size": [11, 0.75]},
								"down": {"uv": [2, 18], "uv_size": [0.25, -11]}
							}
						},
						{
							"origin": [-0.125, -2.16202, -15.02906],
							"size": [0.25, 0.45, 3.35],
							"pivot": [0, -1.66827, -3.75],
							"rotation": [0, 0, 180],
							"uv": {
								"north": {"uv": [7, 17], "uv_size": [0.25, 0.5]},
								"east": {"uv": [8, 4], "uv_size": [4, 0.5]},
								"west": {"uv": [8, 7], "uv_size": [4, 0.5]},
								"down": {"uv": [0, 15], "uv_size": [0.25, -4]}
							}
						},
						{
							"origin": [-0.125, -2.26202, -12.00406],
							"size": [0.25, 0.2, 11.025],
							"pivot": [0, -1.66827, -0.75],
							"rotation": [0, 0, 180],
							"uv": {
								"north": {"uv": [18, 0], "uv_size": [0.25, 0.25]},
								"east": {"uv": [7, 5], "uv_size": [8, 0.25]},
								"west": {"uv": [7, 6], "uv_size": [8, 0.25]},
								"up": {"uv": [3, 7], "uv_size": [0.25, 8]},
								"down": {"uv": [7, 15], "uv_size": [0.25, -8]}
							}
						},
						{
							"origin": [-0.05, -2.06202, -11.75406],
							"size": [0.1, 0.45, 10.85],
							"pivot": [0, -1.66827, -7.75],
							"rotation": [0, 0, 180],
							"uv": {
								"east": {"uv": [0, 4], "uv_size": [7.25, 0.5]},
								"west": {"uv": [4, 2], "uv_size": [7.25, 0.5]}
							}
						},
						{
							"origin": [0.37565, -1.29262, -15.05406],
							"size": [0.17678, 0.17678, 14.875],
							"pivot": [0, -1.66827, -3.75],
							"rotation": [0, 0, 135],
							"uv": {
								"south": {"uv": [1, 18], "uv_size": [0.25, 0.25]},
								"west": {"uv": [4, 3], "uv_size": [12, 0.25]},
								"up": {"uv": [4, 5], "uv_size": [0.25, 12]}
							}
						},
						{
							"origin": [0.37565, -1.46762, -15.05406],
							"size": [0.17678, 0.17678, 3.175],
							"pivot": [0, -1.84327, -3.75],
							"rotation": [0, 0, -45],
							"uv": {
								"south": {"uv": [18, 4], "uv_size": [0.25, 0.25]},
								"west": {"uv": [11, 9], "uv_size": [3.25, 0.25]},
								"up": {"uv": [6, 11], "uv_size": [0.25, 3.25]}
							}
						},
						{
							"origin": [-0.125, -1.38939, -15.73049],
							"size": [0.25, 0.75, 0.75],
							"pivot": [0, -1.66827, -10.75],
							"rotation": [5, 0, 180],
							"uv": {
								"east": {"uv": [10, 12], "uv_size": [0.75, 0.75]},
								"west": {"uv": [12, 10], "uv_size": [0.75, 0.75]},
								"up": {"uv": [16, 13], "uv_size": [0.25, 0.75]}
							}
						},
						{
							"origin": [-0.125, -1.8301, -16.52163],
							"size": [0.25, 0.5, 0.75],
							"pivot": [0, -1.4218, -16.08053],
							"rotation": [15, 0, 0],
							"uv": {
								"north": {"uv": [10, 17], "uv_size": [0.25, 0.5]},
								"east": {"uv": [12, 14], "uv_size": [0.75, 0.5]},
								"west": {"uv": [14, 12], "uv_size": [0.75, 0.5]},
								"up": {"uv": [3, 17], "uv_size": [0.25, 0.75]}
							}
						},
						{
							"origin": [0.01661, -1.40518, -17.37463],
							"size": [0.17677, 0.17678, 0.88437],
							"pivot": [0, -1.4218, -16.08053],
							"rotation": [16.3249, 15.6999, -42.7342],
							"uv": {
								"north": {"uv": [4, 18], "uv_size": [0.25, 0.25]},
								"west": {"uv": [11, 15], "uv_size": [1, 0.25]},
								"up": {"uv": [15, 11], "uv_size": [0.25, 1]}
							}
						},
						{
							"origin": [-0.125, -1.46081, -17.12463],
							"size": [0.25, 0.1875, 0.61875],
							"pivot": [0, -1.4218, -16.08053],
							"rotation": [22.5, 0, 0],
							"uv": {
								"north": {"uv": [3, 18], "uv_size": [0.25, 0.25]},
								"east": {"uv": [8, 17], "uv_size": [0.5, 0.25]},
								"south": {"uv": [18, 3], "uv_size": [0.25, 0.25]},
								"west": {"uv": [17, 8], "uv_size": [0.5, 0.25]},
								"up": {"uv": [9, 17], "uv_size": [0.25, 0.5]},
								"down": {"uv": [17, 9.5], "uv_size": [0.25, -0.5]}
							}
						},
						{
							"origin": [-0.125, -1.63581, -16.84963],
							"size": [0.25, 0.3625, 0.34375],
							"pivot": [0, -1.4218, -15.88053],
							"rotation": [22.5, 0, 0],
							"uv": {
								"north": {"uv": [8, 18], "uv_size": [0.25, 0.25]},
								"east": {"uv": [18, 8], "uv_size": [0.25, 0.25]},
								"south": {"uv": [9, 18], "uv_size": [0.25, 0.25]},
								"west": {"uv": [18, 9], "uv_size": [0.25, 0.25]},
								"up": {"uv": [10, 18], "uv_size": [0.25, 0.25]},
								"down": {"uv": [18, 10.25], "uv_size": [0.25, -0.25]}
							}
						},
						{
							"origin": [-0.02354, -1.44534, -16.52163],
							"size": [0.17677, 0.17677, 0.76563],
							"pivot": [0, -1.4218, -16.08053],
							"rotation": [10.7286, 10.5453, -44.007],
							"uv": {
								"west": {"uv": [17, 1], "uv_size": [0.75, 0.25]},
								"up": {"uv": [17, 2], "uv_size": [0.25, 0.75]}
							}
						},
						{
							"origin": [0.01341, -1.4084, -15.79224],
							"size": [0.17677, 0.17678, 0.76563],
							"pivot": [0, -1.4218, -16.08053],
							"rotation": [3.54, 3.5333, -44.8908],
							"uv": {
								"west": {"uv": [17, 0], "uv_size": [0.75, 0.25]},
								"up": {"uv": [1, 17], "uv_size": [0.25, 0.75]}
							}
						},
						{
							"origin": [-0.125, -2.02784, -15.79224],
							"size": [0.25, 0.75, 0.75],
							"pivot": [0, -1.4218, -16.08053],
							"rotation": [5, 0, 0],
							"uv": {
								"east": {"uv": [11, 12], "uv_size": [0.75, 0.75]},
								"west": {"uv": [12, 12], "uv_size": [0.75, 0.75]},
								"up": {"uv": [0, 17], "uv_size": [0.25, 0.75]}
							}
						},
						{
							"origin": [0.63915, -1.02914, -15.73049],
							"size": [0.17677, 0.17678, 0.76563],
							"pivot": [0, -1.66827, -10.75],
							"rotation": [3.54, 3.5333, 135.1092],
							"uv": {
								"west": {"uv": [14, 16], "uv_size": [0.75, 0.25]},
								"up": {"uv": [16, 14], "uv_size": [0.25, 0.75]}
							}
						},
						{
							"origin": [-0.125, -0.29017, -16.22616],
							"size": [0.25, 0.5, 0.75],
							"pivot": [0, -1.66827, -10.75],
							"rotation": [15, 0, -180],
							"uv": {
								"north": {"uv": [17, 7], "uv_size": [0.25, 0.5]},
								"east": {"uv": [11, 14], "uv_size": [0.75, 0.5]},
								"west": {"uv": [14, 11], "uv_size": [0.75, 0.5]},
								"up": {"uv": [16, 16], "uv_size": [0.25, 0.75]}
							}
						},
						{
							"origin": [1.23963, -0.42864, -16.22616],
							"size": [0.17677, 0.17677, 0.76563],
							"pivot": [0, -1.66827, -10.75],
							"rotation": [10.7286, 10.5453, 135.993],
							"uv": {
								"west": {"uv": [15, 16], "uv_size": [0.75, 0.25]},
								"up": {"uv": [16, 15], "uv_size": [0.25, 0.75]}
							}
						},
						{
							"origin": [-0.125, 0.72104, -16.55291],
							"size": [0.25, 0.1875, 0.61875],
							"pivot": [0, -1.66827, -10.75],
							"rotation": [22.5, 0, -180],
							"uv": {
								"north": {"uv": [18, 1], "uv_size": [0.25, 0.25]},
								"east": {"uv": [5, 17], "uv_size": [0.5, 0.25]},
								"south": {"uv": [2, 18], "uv_size": [0.25, 0.25]},
								"west": {"uv": [17, 5], "uv_size": [0.5, 0.25]},
								"up": {"uv": [6, 17], "uv_size": [0.25, 0.5]},
								"down": {"uv": [17, 6.5], "uv_size": [0.25, -0.5]}
							}
						},
						{
							"origin": [-0.125, -1.82956, -17.20018],
							"size": [0.25, 0.15, 0.15],
							"pivot": [0, -1.75456, -17.12518],
							"rotation": [-45, 0, -180],
							"uv": {
								"north": {"uv": [5, 18], "uv_size": [0.25, 0.25]},
								"east": {"uv": [18, 5], "uv_size": [0.25, 0.25]},
								"south": {"uv": [6, 18], "uv_size": [0.25, 0.25]},
								"west": {"uv": [18, 6], "uv_size": [0.25, 0.25]},
								"up": {"uv": [7, 18], "uv_size": [0.25, 0.25]},
								"down": {"uv": [18, 7.25], "uv_size": [0.25, -0.25]}
							}
						},
						{
							"origin": [1.7337, 0.06542, -16.80291],
							"size": [0.17677, 0.17678, 0.88437],
							"pivot": [0, -1.66827, -10.75],
							"rotation": [16.3249, 15.6999, 137.2658],
							"uv": {
								"north": {"uv": [18, 2], "uv_size": [0.25, 0.25]},
								"west": {"uv": [10, 15], "uv_size": [1, 0.25]},
								"up": {"uv": [15, 10], "uv_size": [0.25, 1]}
							}
						}
					]
				}
			]
		}
	]
}