{
	"format_version": "1.12.0",
	"minecraft:geometry": [
		{
			"description": {
				"identifier": "geometry.scope_elcan_4x",
				"texture_width": 128,
				"texture_height": 128,
				"visible_bounds_width": 10,
				"visible_bounds_height": 5,
				"visible_bounds_offset": [0, 0.5, 0]
			},
			"bones": [
				{
					"name": "scope_body",
					"pivot": [0, 0, 0]
				},
				{
					"name": "lens",
					"parent": "scope_body",
					"pivot": [0, 8.325, -3.4625]
				},
				{
					"name": "elcan",
					"parent": "scope_body",
					"pivot": [0, 7.2, 0]
				},
				{
					"name": "group2",
					"parent": "elcan",
					"pivot": [-1.2, -1.13142, -0.74263],
					"rotation": [0, 0, -90],
					"cubes": [
						{
							"origin": [-1.225, -1.50625, -4.07187],
							"size": [0.4, 0.525, 4.83437],
							"uv": {
								"north": {"uv": [38, 60], "uv_size": [0.375, 0.6875]},
								"east": {"uv": [34, 45], "uv_size": [6.4375, 0.6875]},
								"south": {"uv": [39, 60], "uv_size": [0.375, 0.6875]},
								"west": {"uv": [45, 35], "uv_size": [6.4375, 0.6875]},
								"up": {"uv": [38, 46], "uv_size": [0.375, 6.4375]},
								"down": {"uv": [46, 44.4375], "uv_size": [0.375, -6.4375]}
							}
						},
						{
							"origin": [-0.475, -1.50625, -4.07187],
							"size": [0.4, 0.525, 4.83437],
							"uv": {
								"north": {"uv": [40, 60], "uv_size": [0.375, 0.6875]},
								"east": {"uv": [45, 36], "uv_size": [6.4375, 0.6875]},
								"south": {"uv": [41, 60], "uv_size": [0.375, 0.6875]},
								"west": {"uv": [45, 37], "uv_size": [6.4375, 0.6875]},
								"up": {"uv": [39, 46], "uv_size": [0.375, 6.4375]},
								"down": {"uv": [40, 52.4375], "uv_size": [0.375, -6.4375]}
							}
						},
						{
							"origin": [-0.325, -1.50625, -2.02187],
							"size": [0.4, 0.525, 0.63437],
							"uv": {
								"north": {"uv": [40, 60], "uv_size": [0.375, 0.6875]},
								"east": {"uv": [45, 36], "uv_size": [6.4375, 0.6875]},
								"south": {"uv": [41, 60], "uv_size": [0.375, 0.6875]},
								"west": {"uv": [45, 37], "uv_size": [6.4375, 0.6875]},
								"up": {"uv": [39, 46], "uv_size": [0.375, 6.4375]},
								"down": {"uv": [40, 52.4375], "uv_size": [0.375, -6.4375]}
							}
						},
						{
							"origin": [-0.85, -1.50625, -0.27187],
							"size": [0.375, 0.525, 1.03437],
							"uv": {
								"north": {"uv": [46, 59], "uv_size": [0.5, 0.6875]},
								"east": {"uv": [45, 57], "uv_size": [1.0625, 0.6875]},
								"south": {"uv": [47, 59], "uv_size": [0.5, 0.6875]},
								"west": {"uv": [57, 45], "uv_size": [1.0625, 0.6875]},
								"up": {"uv": [58, 54], "uv_size": [0.5, 1.0625]},
								"down": {"uv": [55, 59.0625], "uv_size": [0.5, -1.0625]}
							}
						},
						{
							"origin": [-1.375, -1.42393, -1.88955],
							"size": [1.6, 0.3, 0.3],
							"pivot": [-0.625, -1.25625, -1.72187],
							"rotation": [45, 0, 0],
							"uv": {
								"north": {"uv": [46, 59], "uv_size": [0.5, 0.6875]},
								"east": {"uv": [45, 57], "uv_size": [1.0625, 0.6875]},
								"south": {"uv": [47, 59], "uv_size": [0.5, 0.6875]},
								"west": {"uv": [57, 45], "uv_size": [1.0625, 0.6875]},
								"up": {"uv": [58, 54], "uv_size": [0.5, 1.0625]},
								"down": {"uv": [55, 59.0625], "uv_size": [0.5, -1.0625]}
							}
						},
						{
							"origin": [-0.775, -1.56924, -3.15],
							"size": [0.25, 0.53848, 1.75],
							"uv": {
								"north": {"uv": [48, 44.0625], "uv_size": [0.75, 1.3125]},
								"east": {"uv": [48, 44.0625], "uv_size": [0.75, 1.3125]},
								"south": {"uv": [48, 44.0625], "uv_size": [0.75, 1.3125]},
								"west": {"uv": [48, 44.0625], "uv_size": [0.75, 1.3125]},
								"up": {"uv": [48.75, 45.375], "uv_size": [-0.75, -1.3125]},
								"down": {"uv": [48.75, 45.375], "uv_size": [-0.75, -1.3125]}
							}
						},
						{
							"origin": [0.1, -1.26822, -2.20284],
							"size": [0.05, 0.38848, 0.75],
							"pivot": [0.26886, -1.07398, -2.51287],
							"rotation": [-12.5, 0, 0],
							"uv": {
								"north": {"uv": [48, 44.0625], "uv_size": [0.75, 1.3125]},
								"east": {"uv": [48, 44.0625], "uv_size": [0.75, 1.3125]},
								"south": {"uv": [48, 44.0625], "uv_size": [0.75, 1.3125]},
								"west": {"uv": [48, 44.0625], "uv_size": [0.75, 1.3125]},
								"up": {"uv": [48.75, 45.375], "uv_size": [-0.75, -1.3125]},
								"down": {"uv": [48.75, 45.375], "uv_size": [-0.75, -1.3125]}
							}
						},
						{
							"origin": [0.23265, -1.26822, -2.90231],
							"size": [0.05, 0.38848, 0.75],
							"pivot": [0.26886, -1.07398, -2.51287],
							"rotation": [-166.25462, 24.3683, -174.2368],
							"uv": {
								"north": {"uv": [48, 44.0625], "uv_size": [0.75, 1.3125]},
								"east": {"uv": [48, 44.0625], "uv_size": [0.75, 1.3125]},
								"south": {"uv": [48, 44.0625], "uv_size": [0.75, 1.3125]},
								"west": {"uv": [48, 44.0625], "uv_size": [0.75, 1.3125]},
								"up": {"uv": [48.75, 45.375], "uv_size": [-0.75, -1.3125]},
								"down": {"uv": [48.75, 45.375], "uv_size": [-0.75, -1.3125]}
							}
						},
						{
							"origin": [0.07026, -1.26822, -2.20977],
							"size": [0.05, 0.38848, 0.75],
							"pivot": [0.26886, -1.07398, -2.51287],
							"rotation": [-167.48847, -2.4407, 179.45857],
							"uv": {
								"north": {"uv": [48, 44.0625], "uv_size": [0.75, 1.3125]},
								"east": {"uv": [48, 44.0625], "uv_size": [0.75, 1.3125]},
								"south": {"uv": [48, 44.0625], "uv_size": [0.75, 1.3125]},
								"west": {"uv": [48, 44.0625], "uv_size": [0.75, 1.3125]},
								"up": {"uv": [48.75, 45.375], "uv_size": [-0.75, -1.3125]},
								"down": {"uv": [48.75, 45.375], "uv_size": [-0.75, -1.3125]}
							}
						},
						{
							"origin": [-0.825, -1.50625, -4.07187],
							"size": [0.35, 0.525, 0.83437],
							"uv": {
								"north": {"uv": [48, 59], "uv_size": [0.5, 0.6875]},
								"east": {"uv": [50, 58], "uv_size": [0.8125, 0.6875]},
								"south": {"uv": [49, 59], "uv_size": [0.5, 0.6875]},
								"west": {"uv": [51, 58], "uv_size": [0.8125, 0.6875]},
								"up": {"uv": [45, 59], "uv_size": [0.5, 0.8125]},
								"down": {"uv": [59, 45.8125], "uv_size": [0.5, -0.8125]}
							}
						}
					]
				},
				{
					"name": "mount",
					"parent": "elcan",
					"pivot": [-0.05971, 7.60782, 0.30325]
				},
				{
					"name": "shell",
					"parent": "mount",
					"pivot": [-0.2037, 11.29943, -0.45],
					"cubes": [
						{
							"origin": [-1.30608, 1.15822, 0.49825],
							"size": [0.79874, 0.14062, 0.31094],
							"pivot": [-0.01601, 1.13372, -1.46392],
							"rotation": [-160, 0, 90],
							"uv": {
								"north": {"uv": [66, 1], "uv_size": [0.875, 0.125]},
								"east": {"uv": [42, 67], "uv_size": [0.3125, 0.125]},
								"south": {"uv": [2, 66], "uv_size": [0.875, 0.125]},
								"west": {"uv": [67, 42], "uv_size": [0.3125, 0.125]},
								"up": {"uv": [54, 59], "uv_size": [0.875, 0.3125]},
								"down": {"uv": [59, 54.3125], "uv_size": [0.875, -0.3125]}
							}
						},
						{
							"origin": [0.23822, 1.41692, 0.56925],
							"size": [0.79874, 0.14062, 0.31094],
							"pivot": [-0.22812, 1.163, -1.47642],
							"rotation": [-160, 0, -90],
							"uv": {
								"north": {"uv": [66, 0], "uv_size": [0.875, 0.125]},
								"east": {"uv": [41, 67], "uv_size": [0.3125, 0.125]},
								"south": {"uv": [1, 66], "uv_size": [0.875, 0.125]},
								"west": {"uv": [67, 41], "uv_size": [0.3125, 0.125]},
								"up": {"uv": [52, 59], "uv_size": [0.875, 0.3125]},
								"down": {"uv": [53, 59.3125], "uv_size": [0.875, -0.3125]}
							}
						},
						{
							"origin": [-0.39723, -0.23187, -0.0796],
							"size": [0.79874, 0.14062, 0.21094],
							"pivot": [-0.13243, 1.25443, -1.46392],
							"rotation": [-135, 0, 0],
							"uv": {
								"north": {"uv": [65, 65], "uv_size": [0.875, 0.125]},
								"east": {"uv": [46, 67], "uv_size": [0.1875, 0.125]},
								"south": {"uv": [0, 66], "uv_size": [0.875, 0.125]},
								"west": {"uv": [67, 46], "uv_size": [0.1875, 0.125]},
								"up": {"uv": [32, 64], "uv_size": [0.875, 0.1875]},
								"down": {"uv": [64, 32.1875], "uv_size": [0.875, -0.1875]}
							}
						},
						{
							"origin": [0.57599, 1.62505, 0.61563],
							"size": [0.14062, 0.79873, 0.88437],
							"pivot": [-0.11601, 1.13371, -1.46392],
							"rotation": [-180, 0, -180],
							"uv": {
								"north": {"uv": [63, 65], "uv_size": [0.125, 0.875]},
								"east": {"uv": [40, 57], "uv_size": [0.875, 0.875]},
								"south": {"uv": [65, 63], "uv_size": [0.125, 0.875]},
								"west": {"uv": [57, 40], "uv_size": [0.875, 0.875]},
								"up": {"uv": [64, 65], "uv_size": [0.125, 0.875]},
								"down": {"uv": [65, 64.875], "uv_size": [0.125, -0.875]}
							}
						},
						{
							"origin": [1.22667, 1.46879, 0.62813],
							"size": [0.14062, 0.77373, 0.87187],
							"pivot": [-0.12207, 1.14835, -1.46392],
							"rotation": [-180, 0, -135],
							"uv": {
								"north": {"uv": [61, 65], "uv_size": [0.125, 0.875]},
								"east": {"uv": [39, 57], "uv_size": [0.875, 0.875]},
								"south": {"uv": [65, 61], "uv_size": [0.125, 0.875]},
								"west": {"uv": [57, 39], "uv_size": [0.875, 0.875]},
								"up": {"uv": [62, 65], "uv_size": [0.125, 0.875]},
								"down": {"uv": [65, 62.875], "uv_size": [0.125, -0.875]}
							}
						},
						{
							"origin": [-0.61637, 1.07795, 5.16563],
							"size": [0.79874, 0.14063, 0.88437],
							"pivot": [-0.10743, 1.15443, 3.08608],
							"rotation": [-180, 0, -180],
							"uv": {
								"north": {"uv": [50, 65], "uv_size": [0.875, 0.125]},
								"east": {"uv": [65, 50], "uv_size": [0.875, 0.125]},
								"south": {"uv": [51, 65], "uv_size": [0.875, 0.125]},
								"west": {"uv": [65, 51], "uv_size": [0.875, 0.125]},
								"up": {"uv": [56, 56], "uv_size": [0.875, 0.875]},
								"down": {"uv": [34, 57.875], "uv_size": [0.875, -0.875]}
							}
						},
						{
							"origin": [-0.54208, 1.46879, 5.16563],
							"size": [0.14062, 0.77373, 0.88437],
							"pivot": [-0.12207, 1.14835, 3.08608],
							"rotation": [-180, 0, -135],
							"uv": {
								"north": {"uv": [57, 65], "uv_size": [0.125, 0.875]},
								"east": {"uv": [37, 57], "uv_size": [0.875, 0.875]},
								"south": {"uv": [65, 57], "uv_size": [0.125, 0.875]},
								"west": {"uv": [57, 37], "uv_size": [0.875, 0.875]},
								"up": {"uv": [58, 65], "uv_size": [0.125, 0.875]},
								"down": {"uv": [65, 58.875], "uv_size": [0.125, -0.875]}
							}
						},
						{
							"origin": [-1.20487, 1.62935, 5.15313],
							"size": [0.14061, 0.79873, 0.88437],
							"pivot": [-0.12812, 1.163, 3.07358],
							"rotation": [-180, 0, -180],
							"uv": {
								"north": {"uv": [59, 65], "uv_size": [0.125, 0.875]},
								"east": {"uv": [38, 57], "uv_size": [0.875, 0.875]},
								"south": {"uv": [65, 59], "uv_size": [0.125, 0.875]},
								"west": {"uv": [57, 38], "uv_size": [0.875, 0.875]},
								"up": {"uv": [60, 65], "uv_size": [0.125, 0.875]},
								"down": {"uv": [65, 60.875], "uv_size": [0.125, -0.875]}
							}
						},
						{
							"origin": [0.02574, 2.66972, 5.17813],
							"size": [0.77373, 0.14063, 0.87187],
							"pivot": [-0.12207, 1.14835, 3.08608],
							"rotation": [-180, 0, -135],
							"uv": {
								"north": {"uv": [52, 65], "uv_size": [0.875, 0.125]},
								"east": {"uv": [65, 52], "uv_size": [0.875, 0.125]},
								"south": {"uv": [53, 65], "uv_size": [0.875, 0.125]},
								"west": {"uv": [65, 53], "uv_size": [0.875, 0.125]},
								"up": {"uv": [57, 34], "uv_size": [0.875, 0.875]},
								"down": {"uv": [35, 57.875], "uv_size": [0.875, -0.875]}
							}
						},
						{
							"origin": [-0.67065, 2.83456, 5.17813],
							"size": [0.79874, 0.14062, 0.87187],
							"pivot": [-0.13671, 1.14229, 3.08608],
							"rotation": [-180, 0, -180],
							"uv": {
								"north": {"uv": [54, 65], "uv_size": [0.875, 0.125]},
								"east": {"uv": [65, 54], "uv_size": [0.875, 0.125]},
								"south": {"uv": [55, 65], "uv_size": [0.875, 0.125]},
								"west": {"uv": [65, 55], "uv_size": [0.875, 0.125]},
								"up": {"uv": [36, 57], "uv_size": [0.875, 0.875]},
								"down": {"uv": [57, 36.875], "uv_size": [0.875, -0.875]}
							}
						},
						{
							"origin": [0.02574, 0.90097, 5.16563],
							"size": [0.77373, 0.14063, 0.88437],
							"pivot": [-0.12207, 1.14835, 3.08608],
							"rotation": [-180, 0, -135],
							"uv": {
								"north": {"uv": [48, 65], "uv_size": [0.875, 0.125]},
								"east": {"uv": [65, 48], "uv_size": [0.875, 0.125]},
								"south": {"uv": [49, 65], "uv_size": [0.875, 0.125]},
								"west": {"uv": [65, 49], "uv_size": [0.875, 0.125]},
								"up": {"uv": [54, 56], "uv_size": [0.875, 0.875]},
								"down": {"uv": [55, 56.875], "uv_size": [0.875, -0.875]}
							}
						},
						{
							"origin": [0.57599, 1.62505, 5.16563],
							"size": [0.14062, 0.79873, 0.88437],
							"pivot": [-0.11601, 1.13371, 3.08608],
							"rotation": [-180, 0, -180],
							"uv": {
								"north": {"uv": [63, 65], "uv_size": [0.125, 0.875]},
								"east": {"uv": [40, 57], "uv_size": [0.875, 0.875]},
								"south": {"uv": [65, 63], "uv_size": [0.125, 0.875]},
								"west": {"uv": [57, 40], "uv_size": [0.875, 0.875]},
								"up": {"uv": [64, 65], "uv_size": [0.125, 0.875]},
								"down": {"uv": [65, 64.875], "uv_size": [0.125, -0.875]}
							}
						},
						{
							"origin": [1.22667, 1.46879, 5.17813],
							"size": [0.14062, 0.77373, 0.87187],
							"pivot": [-0.12207, 1.14835, 3.08608],
							"rotation": [-180, 0, -135],
							"uv": {
								"north": {"uv": [61, 65], "uv_size": [0.125, 0.875]},
								"east": {"uv": [39, 57], "uv_size": [0.875, 0.875]},
								"south": {"uv": [65, 61], "uv_size": [0.125, 0.875]},
								"west": {"uv": [57, 39], "uv_size": [0.875, 0.875]},
								"up": {"uv": [62, 65], "uv_size": [0.125, 0.875]},
								"down": {"uv": [65, 62.875], "uv_size": [0.125, -0.875]}
							}
						},
						{
							"origin": [-1.20487, 1.62935, 0.60313],
							"size": [0.14061, 0.79873, 0.88437],
							"pivot": [-0.12812, 1.163, -1.47642],
							"rotation": [-180, 0, -180],
							"uv": {
								"north": {"uv": [59, 65], "uv_size": [0.125, 0.875]},
								"east": {"uv": [38, 57], "uv_size": [0.875, 0.875]},
								"south": {"uv": [65, 59], "uv_size": [0.125, 0.875]},
								"west": {"uv": [57, 38], "uv_size": [0.875, 0.875]},
								"up": {"uv": [60, 65], "uv_size": [0.125, 0.875]},
								"down": {"uv": [65, 60.875], "uv_size": [0.125, -0.875]}
							}
						},
						{
							"origin": [-0.54208, 1.46879, 0.61563],
							"size": [0.14062, 0.77373, 0.88437],
							"pivot": [-0.12207, 1.14835, -1.46392],
							"rotation": [-180, 0, -135],
							"uv": {
								"north": {"uv": [57, 65], "uv_size": [0.125, 0.875]},
								"east": {"uv": [37, 57], "uv_size": [0.875, 0.875]},
								"south": {"uv": [65, 57], "uv_size": [0.125, 0.875]},
								"west": {"uv": [57, 37], "uv_size": [0.875, 0.875]},
								"up": {"uv": [58, 65], "uv_size": [0.125, 0.875]},
								"down": {"uv": [65, 58.875], "uv_size": [0.125, -0.875]}
							}
						},
						{
							"origin": [-0.67065, 0.78913, 1.1712],
							"size": [0.79874, 0.14062, 0.21094],
							"pivot": [-0.13671, 1.04229, -1.46393],
							"rotation": [-135, 0, -180],
							"uv": {
								"north": {"uv": [56, 65], "uv_size": [0.875, 0.125]},
								"east": {"uv": [45, 67], "uv_size": [0.1875, 0.125]},
								"south": {"uv": [65, 56], "uv_size": [0.875, 0.125]},
								"west": {"uv": [67, 45], "uv_size": [0.1875, 0.125]},
								"up": {"uv": [30, 64], "uv_size": [0.875, 0.1875]},
								"down": {"uv": [31, 64.1875], "uv_size": [0.875, -0.1875]}
							}
						},
						{
							"origin": [-0.67065, 2.83456, 0.62813],
							"size": [0.79874, 0.14062, 0.87187],
							"pivot": [-0.13671, 1.14229, -1.46392],
							"rotation": [-180, 0, -180],
							"uv": {
								"north": {"uv": [54, 65], "uv_size": [0.875, 0.125]},
								"east": {"uv": [65, 54], "uv_size": [0.875, 0.125]},
								"south": {"uv": [55, 65], "uv_size": [0.875, 0.125]},
								"west": {"uv": [65, 55], "uv_size": [0.875, 0.125]},
								"up": {"uv": [36, 57], "uv_size": [0.875, 0.875]},
								"down": {"uv": [57, 36.875], "uv_size": [0.875, -0.875]}
							}
						},
						{
							"origin": [0.02574, 2.66972, 0.62813],
							"size": [0.77373, 0.14063, 0.87187],
							"pivot": [-0.12207, 1.14835, -1.46392],
							"rotation": [-180, 0, -135],
							"uv": {
								"north": {"uv": [52, 65], "uv_size": [0.875, 0.125]},
								"east": {"uv": [65, 52], "uv_size": [0.875, 0.125]},
								"south": {"uv": [53, 65], "uv_size": [0.875, 0.125]},
								"west": {"uv": [65, 53], "uv_size": [0.875, 0.125]},
								"up": {"uv": [57, 34], "uv_size": [0.875, 0.875]},
								"down": {"uv": [35, 57.875], "uv_size": [0.875, -0.875]}
							}
						},
						{
							"origin": [-0.61637, 1.07795, 0.61563],
							"size": [0.79874, 0.14063, 0.88437],
							"pivot": [-0.10743, 1.15443, -1.46392],
							"rotation": [-180, 0, -180],
							"uv": {
								"north": {"uv": [50, 65], "uv_size": [0.875, 0.125]},
								"east": {"uv": [65, 50], "uv_size": [0.875, 0.125]},
								"south": {"uv": [51, 65], "uv_size": [0.875, 0.125]},
								"west": {"uv": [65, 51], "uv_size": [0.875, 0.125]},
								"up": {"uv": [56, 56], "uv_size": [0.875, 0.875]},
								"down": {"uv": [34, 57.875], "uv_size": [0.875, -0.875]}
							}
						},
						{
							"origin": [0.02574, 0.90097, 0.61563],
							"size": [0.77373, 0.14063, 0.88437],
							"pivot": [-0.12207, 1.14835, -1.46392],
							"rotation": [-180, 0, -135],
							"uv": {
								"north": {"uv": [48, 65], "uv_size": [0.875, 0.125]},
								"east": {"uv": [65, 48], "uv_size": [0.875, 0.125]},
								"south": {"uv": [49, 65], "uv_size": [0.875, 0.125]},
								"west": {"uv": [65, 49], "uv_size": [0.875, 0.125]},
								"up": {"uv": [54, 56], "uv_size": [0.875, 0.875]},
								"down": {"uv": [55, 56.875], "uv_size": [0.875, -0.875]}
							}
						},
						{
							"origin": [-0.41187, 1.14874, 0.81765],
							"size": [0.82374, 0.14062, 0.21094],
							"pivot": [-0.12207, 1.04835, -1.46392],
							"rotation": [45, 0, 0],
							"uv": {
								"north": {"uv": [33, 65], "uv_size": [0.875, 0.125]},
								"east": {"uv": [43, 67], "uv_size": [0.1875, 0.125]},
								"south": {"uv": [65, 33], "uv_size": [0.875, 0.125]},
								"west": {"uv": [67, 43], "uv_size": [0.1875, 0.125]},
								"up": {"uv": [26, 64], "uv_size": [0.875, 0.1875]},
								"down": {"uv": [27, 64.1875], "uv_size": [0.875, -0.1875]}
							}
						},
						{
							"origin": [-0.65601, 0.11561, -0.43316],
							"size": [0.82374, 0.14062, 0.21094],
							"pivot": [-0.12207, 1.24835, -1.46392],
							"rotation": [45, 0, -180],
							"uv": {
								"north": {"uv": [43, 65], "uv_size": [0.875, 0.125]},
								"east": {"uv": [44, 67], "uv_size": [0.1875, 0.125]},
								"south": {"uv": [65, 43], "uv_size": [0.875, 0.125]},
								"west": {"uv": [67, 44], "uv_size": [0.1875, 0.125]},
								"up": {"uv": [28, 64], "uv_size": [0.875, 0.1875]},
								"down": {"uv": [29, 64.1875], "uv_size": [0.875, -0.1875]}
							}
						},
						{
							"origin": [-1.51215, 1.57328, 0.1119],
							"size": [0.82374, 0.14062, 0.31094],
							"pivot": [-0.22207, 1.14835, -1.46392],
							"rotation": [20, 0, 90],
							"uv": {
								"north": {"uv": [46, 65], "uv_size": [0.875, 0.125]},
								"east": {"uv": [40, 67], "uv_size": [0.3125, 0.125]},
								"south": {"uv": [47, 65], "uv_size": [0.875, 0.125]},
								"west": {"uv": [67, 40], "uv_size": [0.3125, 0.125]},
								"up": {"uv": [51, 59], "uv_size": [0.875, 0.3125]},
								"down": {"uv": [59, 51.3125], "uv_size": [0.875, -0.3125]}
							}
						},
						{
							"origin": [0.44427, 1.34386, 0.0284],
							"size": [0.82374, 0.14062, 0.31094],
							"pivot": [-0.02207, 1.14835, -1.46392],
							"rotation": [20, 0, -90],
							"uv": {
								"north": {"uv": [44, 65], "uv_size": [0.875, 0.125]},
								"east": {"uv": [39, 67], "uv_size": [0.3125, 0.125]},
								"south": {"uv": [45, 65], "uv_size": [0.875, 0.125]},
								"west": {"uv": [67, 39], "uv_size": [0.3125, 0.125]},
								"up": {"uv": [50, 59], "uv_size": [0.875, 0.3125]},
								"down": {"uv": [59, 50.3125], "uv_size": [0.875, -0.3125]}
							}
						},
						{
							"origin": [-0.57757, 2.69195, -3.74659],
							"size": [1.14704, 0.14062, 3.9125],
							"uv": {
								"north": {"uv": [33, 64], "uv_size": [1.125, 0.125]},
								"east": {"uv": [37, 58], "uv_size": [4.9375, 0.125]},
								"south": {"uv": [35, 64], "uv_size": [1.125, 0.125]},
								"west": {"uv": [58, 37], "uv_size": [4.9375, 0.125]},
								"up": {"uv": [34, 35], "uv_size": [1.125, 4.9375]},
								"down": {"uv": [36, 39.9375], "uv_size": [1.125, -4.9375]}
							}
						},
						{
							"origin": [-0.18759, 2.88281, -6.7],
							"size": [0.37518, 0.1125, 1.825],
							"pivot": [0, 2.05224, -5.52188],
							"rotation": [180, 0, 135],
							"uv": {
								"north": {"uv": [0, 67], "uv_size": [0.4375, 0.125]},
								"east": {"uv": [61, 61], "uv_size": [1.8125, 0.125]},
								"south": {"uv": [67, 0], "uv_size": [0.4375, 0.125]},
								"west": {"uv": [62, 32], "uv_size": [1.8125, 0.125]},
								"up": {"uv": [34, 54], "uv_size": [0.4375, 1.8125]},
								"down": {"uv": [35, 55.8125], "uv_size": [0.4375, -1.8125]}
							}
						},
						{
							"origin": [-0.18759, 2.88281, -6.7],
							"size": [0.37517, 0.1125, 1.825],
							"pivot": [0, 2.05224, -5.52188],
							"rotation": [180, 0, 157.5],
							"uv": {
								"north": {"uv": [66, 65], "uv_size": [0.4375, 0.125]},
								"east": {"uv": [61, 59], "uv_size": [1.8125, 0.125]},
								"south": {"uv": [66, 66], "uv_size": [0.4375, 0.125]},
								"west": {"uv": [61, 60], "uv_size": [1.8125, 0.125]},
								"up": {"uv": [53, 50], "uv_size": [0.4375, 1.8125]},
								"down": {"uv": [53, 53.8125], "uv_size": [0.4375, -1.8125]}
							}
						},
						{
							"origin": [-0.18759, 2.88281, -6.7],
							"size": [0.37518, 0.1125, 1.825],
							"pivot": [0, 2.05224, -5.52188],
							"rotation": [-180, 0, 180],
							"uv": {
								"north": {"uv": [66, 64], "uv_size": [0.4375, 0.125]},
								"east": {"uv": [61, 58], "uv_size": [1.8125, 0.125]},
								"south": {"uv": [65, 66], "uv_size": [0.4375, 0.125]},
								"west": {"uv": [59, 61], "uv_size": [1.8125, 0.125]},
								"up": {"uv": [53, 47], "uv_size": [0.4375, 1.8125]},
								"down": {"uv": [50, 54.8125], "uv_size": [0.4375, -1.8125]}
							}
						},
						{
							"origin": [-0.18758, 2.88281, -6.7],
							"size": [0.37517, 0.1125, 1.825],
							"pivot": [0, 2.05224, -5.52188],
							"rotation": [-180, 0, -157.5],
							"uv": {
								"north": {"uv": [66, 63], "uv_size": [0.4375, 0.125]},
								"east": {"uv": [57, 61], "uv_size": [1.8125, 0.125]},
								"south": {"uv": [64, 66], "uv_size": [0.4375, 0.125]},
								"west": {"uv": [61, 57], "uv_size": [1.8125, 0.125]},
								"up": {"uv": [45, 53], "uv_size": [0.4375, 1.8125]},
								"down": {"uv": [53, 46.8125], "uv_size": [0.4375, -1.8125]}
							}
						},
						{
							"origin": [-0.18759, 2.88281, -6.7],
							"size": [0.37518, 0.1125, 1.825],
							"pivot": [0, 2.05224, -5.52188],
							"rotation": [-180, 0, -135],
							"uv": {
								"north": {"uv": [66, 62], "uv_size": [0.4375, 0.125]},
								"east": {"uv": [61, 55], "uv_size": [1.8125, 0.125]},
								"south": {"uv": [63, 66], "uv_size": [0.4375, 0.125]},
								"west": {"uv": [61, 56], "uv_size": [1.8125, 0.125]},
								"up": {"uv": [40, 53], "uv_size": [0.4375, 1.8125]},
								"down": {"uv": [53, 44.8125], "uv_size": [0.4375, -1.8125]}
							}
						},
						{
							"origin": [-0.94307, 1.86466, -6.7],
							"size": [0.1125, 0.37517, 1.825],
							"pivot": [0, 2.05224, -5.52188],
							"rotation": [180, 0, 157.5],
							"uv": {
								"north": {"uv": [6, 67], "uv_size": [0.125, 0.4375]},
								"east": {"uv": [54, 46], "uv_size": [1.8125, 0.4375]},
								"south": {"uv": [67, 6], "uv_size": [0.125, 0.4375]},
								"west": {"uv": [54, 47], "uv_size": [1.8125, 0.4375]},
								"up": {"uv": [42, 62], "uv_size": [0.125, 1.8125]},
								"down": {"uv": [43, 63.8125], "uv_size": [0.125, -1.8125]}
							}
						},
						{
							"origin": [-0.94307, 1.86465, -6.7],
							"size": [0.1125, 0.37518, 1.825],
							"pivot": [0, 2.05224, -5.52188],
							"rotation": [-180, 0, 180],
							"uv": {
								"north": {"uv": [5, 67], "uv_size": [0.125, 0.4375]},
								"east": {"uv": [54, 44], "uv_size": [1.8125, 0.4375]},
								"south": {"uv": [67, 5], "uv_size": [0.125, 0.4375]},
								"west": {"uv": [54, 45], "uv_size": [1.8125, 0.4375]},
								"up": {"uv": [40, 62], "uv_size": [0.125, 1.8125]},
								"down": {"uv": [41, 63.8125], "uv_size": [0.125, -1.8125]}
							}
						},
						{
							"origin": [-0.94306, 1.86465, -6.7],
							"size": [0.1125, 0.37518, 1.825],
							"pivot": [0, 2.05224, -5.52188],
							"rotation": [-180, 0, -157.5],
							"uv": {
								"north": {"uv": [4, 67], "uv_size": [0.125, 0.4375]},
								"east": {"uv": [41, 54], "uv_size": [1.8125, 0.4375]},
								"south": {"uv": [67, 4], "uv_size": [0.125, 0.4375]},
								"west": {"uv": [54, 43], "uv_size": [1.8125, 0.4375]},
								"up": {"uv": [38, 62], "uv_size": [0.125, 1.8125]},
								"down": {"uv": [39, 63.8125], "uv_size": [0.125, -1.8125]}
							}
						},
						{
							"origin": [-0.18758, 1.10917, -6.7],
							"size": [0.37518, 0.1125, 1.825],
							"pivot": [0, 2.05224, -5.52188],
							"rotation": [180, 0, 135],
							"uv": {
								"north": {"uv": [66, 61], "uv_size": [0.4375, 0.125]},
								"east": {"uv": [61, 54], "uv_size": [1.8125, 0.125]},
								"south": {"uv": [62, 66], "uv_size": [0.4375, 0.125]},
								"west": {"uv": [55, 61], "uv_size": [1.8125, 0.125]},
								"up": {"uv": [38, 53], "uv_size": [0.4375, 1.8125]},
								"down": {"uv": [39, 54.8125], "uv_size": [0.4375, -1.8125]}
							}
						},
						{
							"origin": [-0.18758, 1.10917, -6.7],
							"size": [0.37517, 0.1125, 1.825],
							"pivot": [0, 2.05224, -5.52188],
							"rotation": [180, 0, 157.5],
							"uv": {
								"north": {"uv": [66, 60], "uv_size": [0.4375, 0.125]},
								"east": {"uv": [61, 51], "uv_size": [1.8125, 0.125]},
								"south": {"uv": [61, 66], "uv_size": [0.4375, 0.125]},
								"west": {"uv": [53, 61], "uv_size": [1.8125, 0.125]},
								"up": {"uv": [36, 53], "uv_size": [0.4375, 1.8125]},
								"down": {"uv": [37, 54.8125], "uv_size": [0.4375, -1.8125]}
							}
						},
						{
							"origin": [-0.18759, 1.10917, -6.7],
							"size": [0.37518, 0.1125, 1.825],
							"pivot": [0, 2.05224, -5.52188],
							"rotation": [-180, 0, 180],
							"uv": {
								"north": {"uv": [66, 59], "uv_size": [0.4375, 0.125]},
								"east": {"uv": [61, 50], "uv_size": [1.8125, 0.125]},
								"south": {"uv": [60, 66], "uv_size": [0.4375, 0.125]},
								"west": {"uv": [51, 61], "uv_size": [1.8125, 0.125]},
								"up": {"uv": [51, 52], "uv_size": [0.4375, 1.8125]},
								"down": {"uv": [52, 53.8125], "uv_size": [0.4375, -1.8125]}
							}
						},
						{
							"origin": [-0.18758, 1.10917, -6.7],
							"size": [0.37517, 0.1125, 1.825],
							"pivot": [0, 2.05224, -5.52188],
							"rotation": [-180, 0, -157.5],
							"uv": {
								"north": {"uv": [66, 58], "uv_size": [0.4375, 0.125]},
								"east": {"uv": [47, 61], "uv_size": [1.8125, 0.125]},
								"south": {"uv": [59, 66], "uv_size": [0.4375, 0.125]},
								"west": {"uv": [49, 61], "uv_size": [1.8125, 0.125]},
								"up": {"uv": [49, 52], "uv_size": [0.4375, 1.8125]},
								"down": {"uv": [52, 51.8125], "uv_size": [0.4375, -1.8125]}
							}
						},
						{
							"origin": [-0.18759, 1.10917, -6.7],
							"size": [0.37518, 0.1125, 1.825],
							"pivot": [0, 2.05224, -5.52188],
							"rotation": [-180, 0, -135],
							"uv": {
								"north": {"uv": [66, 57], "uv_size": [0.4375, 0.125]},
								"east": {"uv": [45, 61], "uv_size": [1.8125, 0.125]},
								"south": {"uv": [58, 66], "uv_size": [0.4375, 0.125]},
								"west": {"uv": [61, 45], "uv_size": [1.8125, 0.125]},
								"up": {"uv": [52, 44], "uv_size": [0.4375, 1.8125]},
								"down": {"uv": [48, 53.8125], "uv_size": [0.4375, -1.8125]}
							}
						},
						{
							"origin": [0.83057, 1.86465, -6.7],
							"size": [0.1125, 0.37517, 1.825],
							"pivot": [0, 2.05224, -5.52188],
							"rotation": [180, 0, 157.5],
							"uv": {
								"north": {"uv": [3, 67], "uv_size": [0.125, 0.4375]},
								"east": {"uv": [54, 39], "uv_size": [1.8125, 0.4375]},
								"south": {"uv": [67, 3], "uv_size": [0.125, 0.4375]},
								"west": {"uv": [54, 40], "uv_size": [1.8125, 0.4375]},
								"up": {"uv": [36, 62], "uv_size": [0.125, 1.8125]},
								"down": {"uv": [37, 63.8125], "uv_size": [0.125, -1.8125]}
							}
						},
						{
							"origin": [0.83057, 1.86465, -6.7],
							"size": [0.1125, 0.37518, 1.825],
							"pivot": [0, 2.05224, -5.52188],
							"rotation": [-180, 0, 180],
							"uv": {
								"north": {"uv": [2, 67], "uv_size": [0.125, 0.4375]},
								"east": {"uv": [54, 36], "uv_size": [1.8125, 0.4375]},
								"south": {"uv": [67, 2], "uv_size": [0.125, 0.4375]},
								"west": {"uv": [54, 37], "uv_size": [1.8125, 0.4375]},
								"up": {"uv": [35, 62], "uv_size": [0.125, 1.8125]},
								"down": {"uv": [62, 36.8125], "uv_size": [0.125, -1.8125]}
							}
						},
						{
							"origin": [0.83057, 1.86465, -6.7],
							"size": [0.1125, 0.37518, 1.825],
							"pivot": [0, 2.05224, -5.52188],
							"rotation": [-180, 0, -157.5],
							"uv": {
								"north": {"uv": [1, 67], "uv_size": [0.125, 0.4375]},
								"east": {"uv": [52, 40], "uv_size": [1.8125, 0.4375]},
								"south": {"uv": [67, 1], "uv_size": [0.125, 0.4375]},
								"west": {"uv": [54, 35], "uv_size": [1.8125, 0.4375]},
								"up": {"uv": [62, 33], "uv_size": [0.125, 1.8125]},
								"down": {"uv": [34, 63.8125], "uv_size": [0.125, -1.8125]}
							}
						},
						{
							"origin": [-0.84642, 1.83831, -5.36875],
							"size": [1.7125, 0.38042, 0.225],
							"pivot": [0, 2.05224, -5.52188],
							"rotation": [180, 0, 157.5],
							"uv": {
								"south": {"uv": [57, 51], "uv_size": [1.9375, 0.375]}
							}
						},
						{
							"origin": [-0.85625, 1.83635, -5.36875],
							"size": [1.7125, 0.38042, 0.225],
							"pivot": [0, 2.05224, -5.52188],
							"rotation": [-180, 0, 180],
							"uv": {
								"south": {"uv": [57, 50], "uv_size": [1.9375, 0.375]}
							}
						},
						{
							"origin": [-0.86607, 1.83831, -5.36875],
							"size": [1.7125, 0.38042, 0.225],
							"pivot": [0, 2.05224, -5.52188],
							"rotation": [-180, 0, -157.5],
							"uv": {
								"south": {"uv": [50, 57], "uv_size": [1.9375, 0.375]}
							}
						},
						{
							"origin": [-0.17205, 1.17783, -5.36875],
							"size": [0.38042, 1.7125, 0.225],
							"pivot": [0, 2.05224, -5.52188],
							"rotation": [180, 0, 135],
							"uv": {
								"south": {"uv": [49, 57], "uv_size": [0.375, 1.9375]}
							}
						},
						{
							"origin": [-0.18038, 1.17227, -5.36875],
							"size": [0.38042, 1.7125, 0.225],
							"pivot": [0, 2.05224, -5.52188],
							"rotation": [180, 0, 157.5],
							"uv": {
								"south": {"uv": [57, 48], "uv_size": [0.375, 1.9375]}
							}
						},
						{
							"origin": [-0.19021, 1.17031, -5.36875],
							"size": [0.38042, 1.7125, 0.225],
							"pivot": [0, 2.05224, -5.52188],
							"rotation": [-180, 0, 180],
							"uv": {
								"south": {"uv": [48, 57], "uv_size": [0.375, 1.9375]}
							}
						},
						{
							"origin": [-0.20003, 1.17227, -5.36875],
							"size": [0.38042, 1.7125, 0.225],
							"pivot": [0, 2.05224, -5.52188],
							"rotation": [-180, 0, -157.5],
							"uv": {
								"south": {"uv": [47, 57], "uv_size": [0.375, 1.9375]}
							}
						},
						{
							"origin": [-0.20837, 1.17784, -5.36875],
							"size": [0.38042, 1.7125, 0.225],
							"pivot": [0, 2.05224, -5.52188],
							"rotation": [-180, 0, -135],
							"uv": {
								"south": {"uv": [57, 46], "uv_size": [0.375, 1.9375]}
							}
						},
						{
							"origin": [0.44562, 0.73518, -3.74659],
							"size": [0.37204, 0.14062, 3.9125],
							"pivot": [-0.08065, 1.14835, -1.46392],
							"rotation": [0, 0, -45],
							"uv": {
								"north": {"uv": [66, 52], "uv_size": [0.5, 0.125]},
								"east": {"uv": [58, 48], "uv_size": [4.9375, 0.125]},
								"south": {"uv": [53, 66], "uv_size": [0.5, 0.125]},
								"west": {"uv": [58, 49], "uv_size": [4.9375, 0.125]},
								"up": {"uv": [36, 46], "uv_size": [0.5, 4.9375]},
								"down": {"uv": [37, 50.9375], "uv_size": [0.5, -4.9375]}
							}
						},
						{
							"origin": [0.1647, -0.46658, -3.74659],
							"size": [0.37204, 0.14062, 3.9125],
							"pivot": [-0.13017, 1.18977, -1.66392],
							"rotation": [0, 0, -135],
							"uv": {
								"north": {"uv": [66, 51], "uv_size": [0.5, 0.125]},
								"east": {"uv": [58, 46], "uv_size": [4.9375, 0.125]},
								"south": {"uv": [52, 66], "uv_size": [0.5, 0.125]},
								"west": {"uv": [58, 47], "uv_size": [4.9375, 0.125]},
								"up": {"uv": [34, 46], "uv_size": [0.5, 4.9375]},
								"down": {"uv": [35, 50.9375], "uv_size": [0.5, -4.9375]}
							}
						},
						{
							"origin": [0.19014, 1.24828, -3.74659],
							"size": [0.37204, 0.14062, 3.9125],
							"pivot": [-0.16349, 1.14835, -1.46392],
							"rotation": [0, 0, -135],
							"uv": {
								"north": {"uv": [66, 50], "uv_size": [0.5, 0.125]},
								"east": {"uv": [58, 43], "uv_size": [4.9375, 0.125]},
								"south": {"uv": [51, 66], "uv_size": [0.5, 0.125]},
								"west": {"uv": [58, 44], "uv_size": [4.9375, 0.125]},
								"up": {"uv": [45, 43], "uv_size": [0.5, 4.9375]},
								"down": {"uv": [44, 49.9375], "uv_size": [0.5, -4.9375]}
							}
						},
						{
							"origin": [0.34543, 2.53287, -3.74659],
							"size": [0.37204, 0.14062, 3.9125],
							"pivot": [-0.12207, 1.18977, -1.46392],
							"rotation": [0, 0, -45],
							"uv": {
								"north": {"uv": [66, 49], "uv_size": [0.5, 0.125]},
								"east": {"uv": [42, 58], "uv_size": [4.9375, 0.125]},
								"south": {"uv": [50, 66], "uv_size": [0.5, 0.125]},
								"west": {"uv": [58, 42], "uv_size": [4.9375, 0.125]},
								"up": {"uv": [42, 45], "uv_size": [0.5, 4.9375]},
								"down": {"uv": [43, 49.9375], "uv_size": [0.5, -4.9375]}
							}
						},
						{
							"origin": [-0.56947, 1.22225, -3.74659],
							"size": [1.14704, 0.14062, 3.8125],
							"uv": {
								"north": {"uv": [37, 64], "uv_size": [1.125, 0.125]},
								"east": {"uv": [58, 52], "uv_size": [4.8125, 0.125]},
								"south": {"uv": [39, 64], "uv_size": [1.125, 0.125]},
								"west": {"uv": [58, 53], "uv_size": [4.8125, 0.125]},
								"up": {"uv": [38, 35], "uv_size": [1.125, 4.8125]},
								"down": {"uv": [34, 44.8125], "uv_size": [1.125, -4.8125]}
							}
						},
						{
							"origin": [0.12097, 0.07958, -3.74659],
							"size": [1.07204, 0.14062, 3.9125],
							"pivot": [-0.22207, 1.14835, -1.46392],
							"rotation": [0, 0, -90],
							"uv": {
								"north": {"uv": [64, 44], "uv_size": [1.0625, 0.125]},
								"east": {"uv": [58, 38], "uv_size": [4.9375, 0.125]},
								"south": {"uv": [64, 45], "uv_size": [1.0625, 0.125]},
								"west": {"uv": [58, 39], "uv_size": [4.9375, 0.125]},
								"up": {"uv": [40, 35], "uv_size": [1.0625, 4.9375]},
								"down": {"uv": [36, 44.9375], "uv_size": [1.0625, -4.9375]}
							}
						},
						{
							"origin": [0.32097, 1.83237, -3.74659],
							"size": [1.07204, 0.14062, 3.9125],
							"pivot": [-0.02207, 1.14835, -1.46392],
							"rotation": [0, 0, -90],
							"uv": {
								"north": {"uv": [64, 46], "uv_size": [1.0625, 0.125]},
								"east": {"uv": [58, 40], "uv_size": [4.9375, 0.125]},
								"south": {"uv": [64, 47], "uv_size": [1.0625, 0.125]},
								"west": {"uv": [58, 41], "uv_size": [4.9375, 0.125]},
								"up": {"uv": [38, 40], "uv_size": [1.0625, 4.9375]},
								"down": {"uv": [40, 44.9375], "uv_size": [1.0625, -4.9375]}
							}
						}
					]
				},
				{
					"name": "group",
					"parent": "mount",
					"pivot": [1.23543, 7.875, -2.1375]
				},
				{
					"name": "knob",
					"parent": "elcan",
					"pivot": [0, 7.2, 0]
				},
				{
					"name": "octagon2",
					"parent": "knob",
					"pivot": [0, 3.15313, -0.86719],
					"cubes": [
						{
							"origin": [-0.55809, 2.73438, -2.08103],
							"size": [1.40625, 0.63749, 0.58249],
							"pivot": [-0.12207, 0.94835, -1.46392],
							"rotation": [0, 22.5, 0],
							"uv": {
								"north": {"uv": [56, 58], "uv_size": [1.4375, 0.3125]},
								"east": {"uv": [18, 64], "uv_size": [0.5625, 0.3125]},
								"south": {"uv": [58, 58], "uv_size": [1.4375, 0.3125]},
								"west": {"uv": [19, 64], "uv_size": [0.5625, 0.3125]},
								"up": {"uv": [43, 51], "uv_size": [1.4375, 0.5625]},
								"down": {"uv": [51, 43.5625], "uv_size": [1.4375, -0.5625]}
							}
						},
						{
							"origin": [-0.45486, 2.73438, -2.58632],
							"size": [0.58249, 0.63749, 1.40625],
							"pivot": [-0.12207, 0.94835, -1.46392],
							"rotation": [0, -22.5, 0],
							"uv": {
								"north": {"uv": [20, 64], "uv_size": [0.5625, 0.3125]},
								"east": {"uv": [59, 32], "uv_size": [1.4375, 0.3125]},
								"south": {"uv": [21, 64], "uv_size": [0.5625, 0.3125]},
								"west": {"uv": [59, 33], "uv_size": [1.4375, 0.3125]},
								"up": {"uv": [51, 44], "uv_size": [0.5625, 1.4375]},
								"down": {"uv": [45, 52.4375], "uv_size": [0.5625, -1.4375]}
							}
						},
						{
							"origin": [-0.14621, 2.73438, -2.49291],
							"size": [0.58249, 0.63749, 1.40625],
							"pivot": [-0.12207, 0.94835, -1.46392],
							"rotation": [0, 22.5, 0],
							"uv": {
								"north": {"uv": [22, 64], "uv_size": [0.5625, 0.3125]},
								"east": {"uv": [59, 35], "uv_size": [1.375, 0.3125]},
								"south": {"uv": [23, 64], "uv_size": [0.5625, 0.3125]},
								"west": {"uv": [36, 59], "uv_size": [1.375, 0.3125]},
								"up": {"uv": [50, 55], "uv_size": [0.5625, 1.375]},
								"down": {"uv": [56, 37.375], "uv_size": [0.5625, -1.375]}
							}
						},
						{
							"origin": [-0.86674, 2.73438, -2.17444],
							"size": [1.40625, 0.63749, 0.58249],
							"pivot": [-0.12207, 0.94835, -1.46392],
							"rotation": [0, -22.5, 0],
							"uv": {
								"north": {"uv": [34, 59], "uv_size": [1.4375, 0.3125]},
								"east": {"uv": [24, 64], "uv_size": [0.5625, 0.3125]},
								"south": {"uv": [59, 34], "uv_size": [1.4375, 0.3125]},
								"west": {"uv": [25, 64], "uv_size": [0.5625, 0.3125]},
								"up": {"uv": [46, 51], "uv_size": [1.4375, 0.5625]},
								"down": {"uv": [51, 46.5625], "uv_size": [1.4375, -0.5625]}
							}
						}
					]
				},
				{
					"name": "octagon3",
					"parent": "knob",
					"pivot": [0, 11.2, 0.35],
					"cubes": [
						{
							"origin": [-0.59872, 2.9289, -2.08928],
							"size": [1.4875, 0.14063, 0.59899],
							"pivot": [-0.12207, 0.94835, -1.46392],
							"rotation": [0, 22.5, 0],
							"uv": {
								"north": {"uv": [63, 51], "uv_size": [1.5, 0.125]},
								"east": {"uv": [66, 43], "uv_size": [0.625, 0.125]},
								"south": {"uv": [52, 63], "uv_size": [1.5, 0.125]},
								"west": {"uv": [44, 66], "uv_size": [0.625, 0.125]},
								"up": {"uv": [49, 39], "uv_size": [1.5, 0.625]},
								"down": {"uv": [49, 40.625], "uv_size": [1.5, -0.625]}
							}
						},
						{
							"origin": [-0.46311, 2.9289, -2.62695],
							"size": [0.59899, 0.14063, 1.4875],
							"pivot": [-0.12207, 0.94835, -1.46392],
							"rotation": [0, -22.5, 0],
							"uv": {
								"north": {"uv": [66, 44], "uv_size": [0.625, 0.125]},
								"east": {"uv": [63, 52], "uv_size": [1.5, 0.125]},
								"south": {"uv": [45, 66], "uv_size": [0.625, 0.125]},
								"west": {"uv": [63, 53], "uv_size": [1.5, 0.125]},
								"up": {"uv": [49, 41], "uv_size": [0.625, 1.5]},
								"down": {"uv": [49, 44.5], "uv_size": [0.625, -1.5]}
							}
						},
						{
							"origin": [-0.15446, 2.9289, -2.53353],
							"size": [0.59899, 0.14063, 1.4875],
							"pivot": [-0.12207, 0.94835, -1.46392],
							"rotation": [0, 22.5, 0],
							"uv": {
								"north": {"uv": [66, 45], "uv_size": [0.625, 0.125]},
								"east": {"uv": [54, 63], "uv_size": [1.5, 0.125]},
								"south": {"uv": [46, 66], "uv_size": [0.625, 0.125]},
								"west": {"uv": [63, 54], "uv_size": [1.5, 0.125]},
								"up": {"uv": [49, 45], "uv_size": [0.625, 1.5]},
								"down": {"uv": [46, 50.5], "uv_size": [0.625, -1.5]}
							}
						},
						{
							"origin": [-0.90737, 2.9289, -2.18269],
							"size": [1.4875, 0.14063, 0.59899],
							"pivot": [-0.12207, 0.94835, -1.46392],
							"rotation": [0, -22.5, 0],
							"uv": {
								"north": {"uv": [63, 55], "uv_size": [1.5, 0.125]},
								"east": {"uv": [66, 46], "uv_size": [0.625, 0.125]},
								"south": {"uv": [56, 63], "uv_size": [1.5, 0.125]},
								"west": {"uv": [47, 66], "uv_size": [0.625, 0.125]},
								"up": {"uv": [49, 47], "uv_size": [1.5, 0.625]},
								"down": {"uv": [49, 48.625], "uv_size": [1.5, -0.625]}
							}
						}
					]
				},
				{
					"name": "octagon4",
					"parent": "knob",
					"pivot": [0, 7.2, 0.35]
				},
				{
					"name": "octagon5",
					"parent": "knob",
					"pivot": [2, 7.275, -1],
					"cubes": [
						{
							"origin": [-1.35, 1.80576, -1.85],
							"size": [0.7, 0.53848, 1.3],
							"pivot": [-1, 2.075, -1.2],
							"rotation": [-45, 0, 0],
							"uv": {
								"north": {"uv": [45, 48.5625], "uv_size": [0.75, 0.875]},
								"east": {"uv": [45, 48.5625], "uv_size": [0.75, 0.875]},
								"south": {"uv": [45, 48.5625], "uv_size": [0.75, 0.875]},
								"west": {"uv": [45, 48.5625], "uv_size": [0.75, 0.875]},
								"up": {"uv": [45.75, 49.4375], "uv_size": [-0.75, -0.875]},
								"down": {"uv": [45.75, 49.4375], "uv_size": [-0.75, -0.875]}
							}
						},
						{
							"origin": [-1.35, 1.80576, -1.85],
							"size": [0.7, 0.53848, 1.3],
							"uv": {
								"north": {"uv": [48, 44.0625], "uv_size": [0.75, 1.3125]},
								"east": {"uv": [48, 44.0625], "uv_size": [0.75, 1.3125]},
								"south": {"uv": [48, 44.0625], "uv_size": [0.75, 1.3125]},
								"west": {"uv": [48, 44.0625], "uv_size": [0.75, 1.3125]},
								"up": {"uv": [48.75, 45.375], "uv_size": [-0.75, -1.3125]},
								"down": {"uv": [48.75, 45.375], "uv_size": [-0.75, -1.3125]}
							}
						},
						{
							"origin": [-1.35, 1.425, -1.46924],
							"size": [0.7, 1.3, 0.53848],
							"pivot": [-1, 2.075, -1.2],
							"rotation": [-45, 0, 0],
							"uv": {
								"north": {"uv": [50.0625, 44.0625], "uv_size": [0.875, 0.75]},
								"east": {"uv": [50.0625, 44.0625], "uv_size": [0.875, 0.75]},
								"south": {"uv": [50.0625, 44.0625], "uv_size": [0.875, 0.75]},
								"west": {"uv": [50.0625, 44.0625], "uv_size": [0.875, 0.75]},
								"up": {"uv": [50.9375, 44.8125], "uv_size": [-0.875, -0.75]},
								"down": {"uv": [50.9375, 44.8125], "uv_size": [-0.875, -0.75]}
							}
						},
						{
							"origin": [-1.35, 1.425, -1.46924],
							"size": [0.7, 1.3, 0.53848],
							"uv": {
								"north": {"uv": [50.0625, 45.0625], "uv_size": [0.875, 0.75]},
								"east": {"uv": [50.0625, 45.0625], "uv_size": [0.875, 0.75]},
								"south": {"uv": [50.0625, 45.0625], "uv_size": [0.875, 0.75]},
								"west": {"uv": [50.0625, 45.0625], "uv_size": [0.875, 0.75]},
								"up": {"uv": [50.9375, 45.8125], "uv_size": [-0.875, -0.75]},
								"down": {"uv": [50.9375, 45.8125], "uv_size": [-0.875, -0.75]}
							}
						}
					]
				},
				{
					"name": "octagon",
					"parent": "knob",
					"pivot": [0.15, 7.2, 0],
					"cubes": [
						{
							"origin": [0.34343, 2.03857, -3.57275],
							"size": [0.525, 0.1125, 0.233],
							"pivot": [0.02793, 1.14835, -1.46392],
							"rotation": [0, 0, -90],
							"uv": {
								"north": {"uv": [62, 63], "uv_size": [1, 0.1875]},
								"east": {"uv": [30, 67], "uv_size": [0.25, 0.1875]},
								"south": {"uv": [63, 63], "uv_size": [1, 0.1875]},
								"west": {"uv": [67, 30], "uv_size": [0.25, 0.1875]},
								"up": {"uv": [61, 33], "uv_size": [1, 0.25]},
								"down": {"uv": [34, 61.25], "uv_size": [1, -0.25]}
							}
						},
						{
							"origin": [-1.16116, -0.26578, -0.07275],
							"size": [0.525, 2.0625, 0.233],
							"pivot": [0.03008, 0.82765, -1.46392],
							"rotation": [0, 0, 10],
							"uv": {
								"north": {"uv": [47, 42], "uv_size": [0.5, 3.1875]},
								"east": {"uv": [46, 52], "uv_size": [0.25, 3.1875]},
								"south": {"uv": [47, 46], "uv_size": [0.5, 3.1875]},
								"west": {"uv": [47, 52], "uv_size": [0.25, 3.1875]},
								"up": {"uv": [64, 63], "uv_size": [0.5, 0.25]},
								"down": {"uv": [64, 64.25], "uv_size": [0.5, -0.25]}
							}
						},
						{
							"origin": [-1.16116, -0.26578, -3.57275],
							"size": [0.525, 2.0625, 0.233],
							"pivot": [0.03008, 0.82765, -1.46392],
							"rotation": [0, 0, 10],
							"uv": {
								"north": {"uv": [46, 45], "uv_size": [0.5, 3.1875]},
								"east": {"uv": [43, 52], "uv_size": [0.25, 3.1875]},
								"south": {"uv": [47, 38], "uv_size": [0.5, 3.1875]},
								"west": {"uv": [44, 52], "uv_size": [0.25, 3.1875]},
								"up": {"uv": [64, 62], "uv_size": [0.5, 0.25]},
								"down": {"uv": [63, 64.25], "uv_size": [0.5, -0.25]}
							}
						},
						{
							"origin": [-0.86116, -0.26578, -3.37275],
							"size": [0.125, 2.0625, 0.233],
							"pivot": [0.03008, 0.82765, -1.46392],
							"rotation": [0, 0, 10],
							"uv": {
								"north": {"uv": [46, 45], "uv_size": [0.5, 3.1875]},
								"east": {"uv": [43, 52], "uv_size": [0.25, 3.1875]},
								"south": {"uv": [47, 38], "uv_size": [0.5, 3.1875]},
								"west": {"uv": [44, 52], "uv_size": [0.25, 3.1875]},
								"up": {"uv": [64, 62], "uv_size": [0.5, 0.25]},
								"down": {"uv": [63, 64.25], "uv_size": [0.5, -0.25]}
							}
						},
						{
							"origin": [-0.86116, -0.26578, -0.27275],
							"size": [0.125, 2.0625, 0.233],
							"pivot": [0.03008, 0.82765, -1.46392],
							"rotation": [0, 0, 10],
							"uv": {
								"north": {"uv": [46, 45], "uv_size": [0.5, 3.1875]},
								"east": {"uv": [43, 52], "uv_size": [0.25, 3.1875]},
								"south": {"uv": [47, 38], "uv_size": [0.5, 3.1875]},
								"west": {"uv": [44, 52], "uv_size": [0.25, 3.1875]},
								"up": {"uv": [64, 62], "uv_size": [0.5, 0.25]},
								"down": {"uv": [63, 64.25], "uv_size": [0.5, -0.25]}
							}
						},
						{
							"origin": [-0.86116, -0.26578, -3.14775],
							"size": [0.125, 0.2375, 2.883],
							"pivot": [0.03008, 0.82765, -1.46392],
							"rotation": [0, 0, 10],
							"uv": {
								"north": {"uv": [46, 45], "uv_size": [0.5, 3.1875]},
								"east": {"uv": [43, 52], "uv_size": [0.25, 3.1875]},
								"south": {"uv": [47, 38], "uv_size": [0.5, 3.1875]},
								"west": {"uv": [44, 52], "uv_size": [0.25, 3.1875]},
								"up": {"uv": [64, 62], "uv_size": [0.5, 0.25]},
								"down": {"uv": [63, 64.25], "uv_size": [0.5, -0.25]}
							}
						},
						{
							"origin": [-0.86116, 0.93422, -3.14775],
							"size": [0.125, 0.3625, 2.883],
							"pivot": [0.03008, 0.82765, -1.46392],
							"rotation": [0, 0, 10],
							"uv": {
								"north": {"uv": [46, 45], "uv_size": [0.5, 3.1875]},
								"east": {"uv": [43, 52], "uv_size": [0.25, 3.1875]},
								"south": {"uv": [47, 38], "uv_size": [0.5, 3.1875]},
								"west": {"uv": [44, 52], "uv_size": [0.25, 3.1875]},
								"up": {"uv": [64, 62], "uv_size": [0.5, 0.25]},
								"down": {"uv": [63, 64.25], "uv_size": [0.5, -0.25]}
							}
						},
						{
							"origin": [0.15273, -0.83296, 0.02725],
							"size": [0.775, 0.1125, 0.833],
							"pivot": [-0.11349, 0.98193, -1.46392],
							"rotation": [0, 0, -135],
							"uv": {
								"north": {"uv": [6, 65], "uv_size": [1, 0.125]},
								"east": {"uv": [66, 24], "uv_size": [0.8125, 0.125]},
								"south": {"uv": [7, 65], "uv_size": [1, 0.125]},
								"west": {"uv": [25, 66], "uv_size": [0.8125, 0.125]},
								"up": {"uv": [41, 51], "uv_size": [1, 0.8125]},
								"down": {"uv": [42, 51.8125], "uv_size": [1, -0.8125]}
							}
						},
						{
							"origin": [-0.66056, -1.03764, 0.02725],
							"size": [0.85, 0.1125, 0.833],
							"pivot": [-0.11349, 0.98193, -1.46392],
							"rotation": [0, 0, 180],
							"uv": {
								"north": {"uv": [66, 4], "uv_size": [0.875, 0.125]},
								"east": {"uv": [66, 23], "uv_size": [0.8125, 0.125]},
								"south": {"uv": [5, 66], "uv_size": [0.875, 0.125]},
								"west": {"uv": [24, 66], "uv_size": [0.8125, 0.125]},
								"up": {"uv": [36, 58], "uv_size": [0.875, 0.8125]},
								"down": {"uv": [58, 36.8125], "uv_size": [0.875, -0.8125]}
							}
						},
						{
							"origin": [-0.98592, -0.51891, 0.02725],
							"size": [0.775, 0.1125, 0.833],
							"pivot": [0.02793, 1.12335, -1.46392],
							"rotation": [0, 0, 135],
							"uv": {
								"north": {"uv": [4, 65], "uv_size": [1, 0.125]},
								"east": {"uv": [66, 22], "uv_size": [0.8125, 0.125]},
								"south": {"uv": [5, 65], "uv_size": [1, 0.125]},
								"west": {"uv": [23, 66], "uv_size": [0.8125, 0.125]},
								"up": {"uv": [51, 39], "uv_size": [1, 0.8125]},
								"down": {"uv": [51, 40.8125], "uv_size": [1, -0.8125]}
							}
						}
					]
				},
				{
					"name": "octagon6",
					"parent": "octagon",
					"pivot": [0.15, 7.2, 5.4],
					"cubes": [
						{
							"origin": [-0.41642, 1.05549, 0.02725],
							"size": [0.85, 0.1125, 0.833],
							"uv": {
								"north": {"uv": [66, 2], "uv_size": [0.875, 0.125]},
								"east": {"uv": [66, 14], "uv_size": [0.8125, 0.125]},
								"south": {"uv": [3, 66], "uv_size": [0.875, 0.125]},
								"west": {"uv": [15, 66], "uv_size": [0.8125, 0.125]},
								"up": {"uv": [34, 58], "uv_size": [0.875, 0.8125]},
								"down": {"uv": [58, 34.8125], "uv_size": [0.875, -0.8125]}
							}
						},
						{
							"origin": [0.22524, -0.11314, 0.02725],
							"size": [0.85, 0.1125, 0.833],
							"pivot": [-0.25491, 1.12335, -1.46392],
							"rotation": [0, 0, -90],
							"uv": {
								"north": {"uv": [12, 65], "uv_size": [0.9375, 0.125]},
								"east": {"uv": [66, 15], "uv_size": [0.8125, 0.125]},
								"south": {"uv": [13, 65], "uv_size": [0.9375, 0.125]},
								"west": {"uv": [16, 66], "uv_size": [0.8125, 0.125]},
								"up": {"uv": [43, 57], "uv_size": [0.9375, 0.8125]},
								"down": {"uv": [57, 43.8125], "uv_size": [0.9375, -0.8125]}
							}
						},
						{
							"origin": [0.34343, 2.13857, 0.82725],
							"size": [0.425, 0.1125, 0.233],
							"pivot": [0.02793, 1.24835, -1.46392],
							"rotation": [0, 0, -90],
							"uv": {
								"north": {"uv": [8, 64], "uv_size": [1, 0.1875]},
								"east": {"uv": [34, 67], "uv_size": [0.25, 0.1875]},
								"south": {"uv": [9, 64], "uv_size": [1, 0.1875]},
								"west": {"uv": [67, 34], "uv_size": [0.25, 0.1875]},
								"up": {"uv": [39, 61], "uv_size": [1, 0.25]},
								"down": {"uv": [40, 61.25], "uv_size": [1, -0.25]}
							}
						},
						{
							"origin": [-0.27791, 2.27731, -3.67275],
							"size": [0.425, 0.1125, 3.833],
							"pivot": [0.18975, 1.52119, 0.04375],
							"rotation": [0, 0, 90],
							"uv": {
								"north": {"uv": [8, 64], "uv_size": [1, 0.1875]},
								"east": {"uv": [34, 67], "uv_size": [0.25, 0.1875]},
								"south": {"uv": [9, 64], "uv_size": [1, 0.1875]},
								"west": {"uv": [67, 34], "uv_size": [0.25, 0.1875]},
								"up": {"uv": [39, 61], "uv_size": [1, 0.25]},
								"down": {"uv": [40, 61.25], "uv_size": [1, -0.25]}
							}
						},
						{
							"origin": [-0.55462, 1.89273, -3.67275],
							"size": [0.775, 0.1125, 3.833],
							"pivot": [0.16046, 1.45048, 0.04375],
							"rotation": [0, 0, 135],
							"uv": {
								"north": {"uv": [8, 64], "uv_size": [1, 0.1875]},
								"east": {"uv": [34, 67], "uv_size": [0.25, 0.1875]},
								"south": {"uv": [9, 64], "uv_size": [1, 0.1875]},
								"west": {"uv": [67, 34], "uv_size": [0.25, 0.1875]},
								"up": {"uv": [39, 61], "uv_size": [1, 0.25]},
								"down": {"uv": [40, 61.25], "uv_size": [1, -0.25]}
							}
						},
						{
							"origin": [-0.12479, 1.9201, -3.67275],
							"size": [0.875, 0.1125, 3.833],
							"pivot": [0.18975, 1.52119, 0.04375],
							"rotation": [0, 0, 180],
							"uv": {
								"north": {"uv": [8, 64], "uv_size": [1, 0.1875]},
								"east": {"uv": [34, 67], "uv_size": [0.25, 0.1875]},
								"south": {"uv": [9, 64], "uv_size": [1, 0.1875]},
								"west": {"uv": [67, 34], "uv_size": [0.25, 0.1875]},
								"up": {"uv": [39, 61], "uv_size": [1, 0.25]},
								"down": {"uv": [40, 61.25], "uv_size": [1, -0.25]}
							}
						},
						{
							"origin": [0.23907, 2.17269, -3.67275],
							"size": [0.625, 0.1125, 3.833],
							"pivot": [0.18975, 1.52119, 0.04375],
							"rotation": [0, 0, -135],
							"uv": {
								"north": {"uv": [8, 64], "uv_size": [1, 0.1875]},
								"east": {"uv": [34, 67], "uv_size": [0.25, 0.1875]},
								"south": {"uv": [9, 64], "uv_size": [1, 0.1875]},
								"west": {"uv": [67, 34], "uv_size": [0.25, 0.1875]},
								"up": {"uv": [39, 61], "uv_size": [1, 0.25]},
								"down": {"uv": [40, 61.25], "uv_size": [1, -0.25]}
							}
						},
						{
							"origin": [0.34343, 2.13857, -0.07275],
							"size": [0.425, 0.1125, 0.233],
							"pivot": [0.02793, 1.24835, -2.36392],
							"rotation": [0, 0, -90],
							"uv": {
								"north": {"uv": [8, 64], "uv_size": [1, 0.1875]},
								"east": {"uv": [34, 67], "uv_size": [0.25, 0.1875]},
								"south": {"uv": [9, 64], "uv_size": [1, 0.1875]},
								"west": {"uv": [67, 34], "uv_size": [0.25, 0.1875]},
								"up": {"uv": [39, 61], "uv_size": [1, 0.25]},
								"down": {"uv": [40, 61.25], "uv_size": [1, -0.25]}
							}
						},
						{
							"origin": [-0.27791, 2.27731, -4.44775],
							"size": [0.425, 0.1125, 0.233],
							"pivot": [0.18975, 1.52119, -4.33125],
							"rotation": [0, 0, 90],
							"uv": {
								"north": {"uv": [8, 64], "uv_size": [1, 0.1875]},
								"east": {"uv": [34, 67], "uv_size": [0.25, 0.1875]},
								"south": {"uv": [9, 64], "uv_size": [1, 0.1875]},
								"west": {"uv": [67, 34], "uv_size": [0.25, 0.1875]},
								"up": {"uv": [39, 61], "uv_size": [1, 0.25]},
								"down": {"uv": [40, 61.25], "uv_size": [1, -0.25]}
							}
						},
						{
							"origin": [-0.55462, 1.89273, -4.44775],
							"size": [0.775, 0.1125, 0.233],
							"pivot": [0.16046, 1.45048, -4.33125],
							"rotation": [0, 0, 135],
							"uv": {
								"north": {"uv": [8, 64], "uv_size": [1, 0.1875]},
								"east": {"uv": [34, 67], "uv_size": [0.25, 0.1875]},
								"south": {"uv": [9, 64], "uv_size": [1, 0.1875]},
								"west": {"uv": [67, 34], "uv_size": [0.25, 0.1875]},
								"up": {"uv": [39, 61], "uv_size": [1, 0.25]},
								"down": {"uv": [40, 61.25], "uv_size": [1, -0.25]}
							}
						},
						{
							"origin": [-0.12479, 1.9201, -4.44775],
							"size": [0.925, 0.1125, 0.233],
							"pivot": [0.18975, 1.52119, -4.33125],
							"rotation": [0, 0, 180],
							"uv": {
								"north": {"uv": [8, 64], "uv_size": [1, 0.1875]},
								"east": {"uv": [34, 67], "uv_size": [0.25, 0.1875]},
								"south": {"uv": [9, 64], "uv_size": [1, 0.1875]},
								"west": {"uv": [67, 34], "uv_size": [0.25, 0.1875]},
								"up": {"uv": [39, 61], "uv_size": [1, 0.25]},
								"down": {"uv": [40, 61.25], "uv_size": [1, -0.25]}
							}
						},
						{
							"origin": [0.36836, 2.10197, -4.44775],
							"size": [0.775, 0.1125, 0.233],
							"pivot": [0.21904, 1.45048, -4.33125],
							"rotation": [0, 0, -135],
							"uv": {
								"north": {"uv": [8, 64], "uv_size": [1, 0.1875]},
								"east": {"uv": [34, 67], "uv_size": [0.25, 0.1875]},
								"south": {"uv": [9, 64], "uv_size": [1, 0.1875]},
								"west": {"uv": [67, 34], "uv_size": [0.25, 0.1875]},
								"up": {"uv": [39, 61], "uv_size": [1, 0.25]},
								"down": {"uv": [40, 61.25], "uv_size": [1, -0.25]}
							}
						},
						{
							"origin": [0.34343, 2.13857, -4.44775],
							"size": [0.425, 0.1125, 0.233],
							"pivot": [0.02793, 1.24835, -6.73892],
							"rotation": [0, 0, -90],
							"uv": {
								"north": {"uv": [8, 64], "uv_size": [1, 0.1875]},
								"east": {"uv": [34, 67], "uv_size": [0.25, 0.1875]},
								"south": {"uv": [9, 64], "uv_size": [1, 0.1875]},
								"west": {"uv": [67, 34], "uv_size": [0.25, 0.1875]},
								"up": {"uv": [39, 61], "uv_size": [1, 0.25]},
								"down": {"uv": [40, 61.25], "uv_size": [1, -0.25]}
							}
						},
						{
							"origin": [-0.27791, 2.27731, 0.82725],
							"size": [0.425, 0.1125, 0.233],
							"pivot": [0.18975, 1.52119, 0.94375],
							"rotation": [0, 0, 90],
							"uv": {
								"north": {"uv": [8, 64], "uv_size": [1, 0.1875]},
								"east": {"uv": [34, 67], "uv_size": [0.25, 0.1875]},
								"south": {"uv": [9, 64], "uv_size": [1, 0.1875]},
								"west": {"uv": [67, 34], "uv_size": [0.25, 0.1875]},
								"up": {"uv": [39, 61], "uv_size": [1, 0.25]},
								"down": {"uv": [40, 61.25], "uv_size": [1, -0.25]}
							}
						},
						{
							"origin": [-0.55462, 1.89273, 0.82725],
							"size": [0.775, 0.1125, 0.233],
							"pivot": [0.16046, 1.45048, 0.94375],
							"rotation": [0, 0, 135],
							"uv": {
								"north": {"uv": [8, 64], "uv_size": [1, 0.1875]},
								"east": {"uv": [34, 67], "uv_size": [0.25, 0.1875]},
								"south": {"uv": [9, 64], "uv_size": [1, 0.1875]},
								"west": {"uv": [67, 34], "uv_size": [0.25, 0.1875]},
								"up": {"uv": [39, 61], "uv_size": [1, 0.25]},
								"down": {"uv": [40, 61.25], "uv_size": [1, -0.25]}
							}
						},
						{
							"origin": [-0.12479, 1.9201, 0.82725],
							"size": [0.925, 0.1125, 0.233],
							"pivot": [0.18975, 1.52119, 0.94375],
							"rotation": [0, 0, 180],
							"uv": {
								"north": {"uv": [8, 64], "uv_size": [1, 0.1875]},
								"east": {"uv": [34, 67], "uv_size": [0.25, 0.1875]},
								"south": {"uv": [9, 64], "uv_size": [1, 0.1875]},
								"west": {"uv": [67, 34], "uv_size": [0.25, 0.1875]},
								"up": {"uv": [39, 61], "uv_size": [1, 0.25]},
								"down": {"uv": [40, 61.25], "uv_size": [1, -0.25]}
							}
						},
						{
							"origin": [0.36836, 2.10197, 0.82725],
							"size": [0.775, 0.1125, 0.233],
							"pivot": [0.21904, 1.45048, 0.94375],
							"rotation": [0, 0, -135],
							"uv": {
								"north": {"uv": [8, 64], "uv_size": [1, 0.1875]},
								"east": {"uv": [34, 67], "uv_size": [0.25, 0.1875]},
								"south": {"uv": [9, 64], "uv_size": [1, 0.1875]},
								"west": {"uv": [67, 34], "uv_size": [0.25, 0.1875]},
								"up": {"uv": [39, 61], "uv_size": [1, 0.25]},
								"down": {"uv": [40, 61.25], "uv_size": [1, -0.25]}
							}
						},
						{
							"origin": [0.50808, 2.00321, 0.02725],
							"size": [0.85, 0.1125, 0.833],
							"pivot": [0.02793, 1.12335, -1.46392],
							"rotation": [0, 0, -90],
							"uv": {
								"north": {"uv": [16, 65], "uv_size": [0.9375, 0.125]},
								"east": {"uv": [66, 16], "uv_size": [0.8125, 0.125]},
								"south": {"uv": [17, 65], "uv_size": [0.9375, 0.125]},
								"west": {"uv": [17, 66], "uv_size": [0.8125, 0.125]},
								"up": {"uv": [44, 57], "uv_size": [0.9375, 0.8125]},
								"down": {"uv": [57, 44.8125], "uv_size": [0.9375, -0.8125]}
							}
						},
						{
							"origin": [-0.884, 0.93187, 0.02725],
							"size": [0.775, 0.1125, 0.833],
							"pivot": [-0.11349, 1.36477, -1.46392],
							"rotation": [0, 0, 45],
							"uv": {
								"north": {"uv": [64, 60], "uv_size": [1, 0.125]},
								"east": {"uv": [66, 17], "uv_size": [0.8125, 0.125]},
								"south": {"uv": [61, 64], "uv_size": [1, 0.125]},
								"west": {"uv": [18, 66], "uv_size": [0.8125, 0.125]},
								"up": {"uv": [47, 50], "uv_size": [1, 0.8125]},
								"down": {"uv": [48, 50.8125], "uv_size": [1, -0.8125]}
							}
						},
						{
							"origin": [0.11323, 0.61782, 0.02725],
							"size": [0.775, 0.1125, 0.833],
							"pivot": [-0.25491, 1.22335, -1.46392],
							"rotation": [0, 0, -45],
							"uv": {
								"north": {"uv": [64, 61], "uv_size": [1, 0.125]},
								"east": {"uv": [66, 18], "uv_size": [0.8125, 0.125]},
								"south": {"uv": [62, 64], "uv_size": [1, 0.125]},
								"west": {"uv": [19, 66], "uv_size": [0.8125, 0.125]},
								"up": {"uv": [49, 50], "uv_size": [1, 0.8125]},
								"down": {"uv": [50, 50.8125], "uv_size": [1, -0.8125]}
							}
						},
						{
							"origin": [-0.66056, -1.03764, -4.37275],
							"size": [0.85, 0.1125, 0.833],
							"pivot": [-0.11349, 0.98193, -5.86392],
							"rotation": [0, 0, 180],
							"uv": {
								"north": {"uv": [66, 4], "uv_size": [0.875, 0.125]},
								"east": {"uv": [66, 23], "uv_size": [0.8125, 0.125]},
								"south": {"uv": [5, 66], "uv_size": [0.875, 0.125]},
								"west": {"uv": [24, 66], "uv_size": [0.8125, 0.125]},
								"up": {"uv": [36, 58], "uv_size": [0.875, 0.8125]},
								"down": {"uv": [58, 36.8125], "uv_size": [0.875, -0.8125]}
							}
						},
						{
							"origin": [-0.98592, -0.51891, -4.37275],
							"size": [0.775, 0.1125, 0.833],
							"pivot": [0.02793, 1.12335, -5.86392],
							"rotation": [0, 0, 135],
							"uv": {
								"north": {"uv": [4, 65], "uv_size": [1, 0.125]},
								"east": {"uv": [66, 22], "uv_size": [0.8125, 0.125]},
								"south": {"uv": [5, 65], "uv_size": [1, 0.125]},
								"west": {"uv": [23, 66], "uv_size": [0.8125, 0.125]},
								"up": {"uv": [51, 39], "uv_size": [1, 0.8125]},
								"down": {"uv": [51, 40.8125], "uv_size": [1, -0.8125]}
							}
						},
						{
							"origin": [0.50808, 2.00321, -4.37275],
							"size": [0.85, 0.1125, 0.833],
							"pivot": [0.02793, 1.12335, -5.86392],
							"rotation": [0, 0, -90],
							"uv": {
								"north": {"uv": [16, 65], "uv_size": [0.9375, 0.125]},
								"east": {"uv": [66, 16], "uv_size": [0.8125, 0.125]},
								"south": {"uv": [17, 65], "uv_size": [0.9375, 0.125]},
								"west": {"uv": [17, 66], "uv_size": [0.8125, 0.125]},
								"up": {"uv": [44, 57], "uv_size": [0.9375, 0.8125]},
								"down": {"uv": [57, 44.8125], "uv_size": [0.9375, -0.8125]}
							}
						},
						{
							"origin": [-0.884, 0.93187, -4.37275],
							"size": [0.775, 0.1125, 0.833],
							"pivot": [-0.11349, 1.36477, -5.86392],
							"rotation": [0, 0, 45],
							"uv": {
								"north": {"uv": [64, 60], "uv_size": [1, 0.125]},
								"east": {"uv": [66, 17], "uv_size": [0.8125, 0.125]},
								"south": {"uv": [61, 64], "uv_size": [1, 0.125]},
								"west": {"uv": [18, 66], "uv_size": [0.8125, 0.125]},
								"up": {"uv": [47, 50], "uv_size": [1, 0.8125]},
								"down": {"uv": [48, 50.8125], "uv_size": [1, -0.8125]}
							}
						},
						{
							"origin": [-0.41642, 1.05549, -4.37275],
							"size": [0.85, 0.1125, 0.833],
							"uv": {
								"north": {"uv": [66, 2], "uv_size": [0.875, 0.125]},
								"east": {"uv": [66, 14], "uv_size": [0.8125, 0.125]},
								"south": {"uv": [3, 66], "uv_size": [0.875, 0.125]},
								"west": {"uv": [15, 66], "uv_size": [0.8125, 0.125]},
								"up": {"uv": [34, 58], "uv_size": [0.875, 0.8125]},
								"down": {"uv": [58, 34.8125], "uv_size": [0.875, -0.8125]}
							}
						},
						{
							"origin": [0.15273, -0.83296, -4.37275],
							"size": [0.775, 0.1125, 0.833],
							"pivot": [-0.11349, 0.98193, -5.86392],
							"rotation": [0, 0, -135],
							"uv": {
								"north": {"uv": [6, 65], "uv_size": [1, 0.125]},
								"east": {"uv": [66, 24], "uv_size": [0.8125, 0.125]},
								"south": {"uv": [7, 65], "uv_size": [1, 0.125]},
								"west": {"uv": [25, 66], "uv_size": [0.8125, 0.125]},
								"up": {"uv": [41, 51], "uv_size": [1, 0.8125]},
								"down": {"uv": [42, 51.8125], "uv_size": [1, -0.8125]}
							}
						},
						{
							"origin": [0.22524, -0.11314, -4.37275],
							"size": [0.85, 0.1125, 0.833],
							"pivot": [-0.25491, 1.12335, -5.86392],
							"rotation": [0, 0, -90],
							"uv": {
								"north": {"uv": [12, 65], "uv_size": [0.9375, 0.125]},
								"east": {"uv": [66, 15], "uv_size": [0.8125, 0.125]},
								"south": {"uv": [13, 65], "uv_size": [0.9375, 0.125]},
								"west": {"uv": [16, 66], "uv_size": [0.8125, 0.125]},
								"up": {"uv": [43, 57], "uv_size": [0.9375, 0.8125]},
								"down": {"uv": [57, 43.8125], "uv_size": [0.9375, -0.8125]}
							}
						},
						{
							"origin": [0.11323, 0.61782, -4.37275],
							"size": [0.775, 0.1125, 0.833],
							"pivot": [-0.25491, 1.22335, -5.86392],
							"rotation": [0, 0, -45],
							"uv": {
								"north": {"uv": [64, 61], "uv_size": [1, 0.125]},
								"east": {"uv": [66, 18], "uv_size": [0.8125, 0.125]},
								"south": {"uv": [62, 64], "uv_size": [1, 0.125]},
								"west": {"uv": [19, 66], "uv_size": [0.8125, 0.125]},
								"up": {"uv": [49, 50], "uv_size": [1, 0.8125]},
								"down": {"uv": [50, 50.8125], "uv_size": [1, -0.8125]}
							}
						}
					]
				},
				{
					"name": "scope_inner",
					"parent": "elcan",
					"pivot": [0, 7.2, 0]
				},
				{
					"name": "hexadecagon2",
					"parent": "scope_inner",
					"pivot": [0, 8.33906, -3.34687]
				},
				{
					"name": "ocular_ring",
					"pivot": [0, 1.13906, 3.15],
					"cubes": [
						{
							"origin": [0.37949, 0.75811, 1],
							"size": [0.37518, 0.1125, 1.825],
							"pivot": [-0.14022, 1.19219, -1.46392],
							"rotation": [0, 0, -45],
							"uv": {
								"north": {"uv": [66, 57], "uv_size": [0.4375, 0.125]},
								"east": {"uv": [45, 61], "uv_size": [1.8125, 0.125]},
								"south": {"uv": [58, 66], "uv_size": [0.4375, 0.125]},
								"west": {"uv": [61, 45], "uv_size": [1.8125, 0.125]},
								"up": {"uv": [52, 44], "uv_size": [0.4375, 1.8125]},
								"down": {"uv": [48, 53.8125], "uv_size": [0.4375, -1.8125]}
							}
						},
						{
							"origin": [0.12937, 0.99365, 1],
							"size": [0.37517, 0.1125, 1.825],
							"pivot": [-0.13189, 1.19775, -1.46392],
							"rotation": [0, 0, -22.5],
							"uv": {
								"north": {"uv": [66, 58], "uv_size": [0.4375, 0.125]},
								"east": {"uv": [47, 61], "uv_size": [1.8125, 0.125]},
								"south": {"uv": [59, 66], "uv_size": [0.4375, 0.125]},
								"west": {"uv": [49, 61], "uv_size": [1.8125, 0.125]},
								"up": {"uv": [49, 52], "uv_size": [0.4375, 1.8125]},
								"down": {"uv": [52, 51.8125], "uv_size": [0.4375, -1.8125]}
							}
						},
						{
							"origin": [-0.18759, 1.10917, 1],
							"size": [0.37518, 0.1125, 1.825],
							"uv": {
								"north": {"uv": [66, 59], "uv_size": [0.4375, 0.125]},
								"east": {"uv": [61, 50], "uv_size": [1.8125, 0.125]},
								"south": {"uv": [60, 66], "uv_size": [0.4375, 0.125]},
								"west": {"uv": [51, 61], "uv_size": [1.8125, 0.125]},
								"up": {"uv": [51, 52], "uv_size": [0.4375, 1.8125]},
								"down": {"uv": [52, 53.8125], "uv_size": [0.4375, -1.8125]}
							}
						},
						{
							"origin": [-0.52312, 1.08708, 1],
							"size": [0.37517, 0.1125, 1.825],
							"pivot": [-0.11224, 1.19775, -1.46392],
							"rotation": [0, 0, 22.5],
							"uv": {
								"north": {"uv": [66, 60], "uv_size": [0.4375, 0.125]},
								"east": {"uv": [61, 51], "uv_size": [1.8125, 0.125]},
								"south": {"uv": [61, 66], "uv_size": [0.4375, 0.125]},
								"west": {"uv": [53, 61], "uv_size": [1.8125, 0.125]},
								"up": {"uv": [36, 53], "uv_size": [0.4375, 1.8125]},
								"down": {"uv": [37, 54.8125], "uv_size": [0.4375, -1.8125]}
							}
						},
						{
							"origin": [-0.82616, 0.93074, 1],
							"size": [0.37518, 0.1125, 1.825],
							"pivot": [-0.1039, 1.19219, -1.46392],
							"rotation": [0, 0, 45],
							"uv": {
								"north": {"uv": [66, 61], "uv_size": [0.4375, 0.125]},
								"east": {"uv": [61, 54], "uv_size": [1.8125, 0.125]},
								"south": {"uv": [62, 66], "uv_size": [0.4375, 0.125]},
								"west": {"uv": [55, 61], "uv_size": [1.8125, 0.125]},
								"up": {"uv": [38, 53], "uv_size": [0.4375, 1.8125]},
								"down": {"uv": [39, 54.8125], "uv_size": [0.4375, -1.8125]}
							}
						},
						{
							"origin": [0.41581, 2.5468, 1],
							"size": [0.37518, 0.1125, 1.825],
							"pivot": [-0.1039, 1.15587, -1.46392],
							"rotation": [0, 0, -45],
							"uv": {
								"north": {"uv": [66, 62], "uv_size": [0.4375, 0.125]},
								"east": {"uv": [61, 55], "uv_size": [1.8125, 0.125]},
								"south": {"uv": [63, 66], "uv_size": [0.4375, 0.125]},
								"west": {"uv": [61, 56], "uv_size": [1.8125, 0.125]},
								"up": {"uv": [40, 53], "uv_size": [0.4375, 1.8125]},
								"down": {"uv": [53, 44.8125], "uv_size": [0.4375, -1.8125]}
							}
						},
						{
							"origin": [0.14903, 2.7712, 1],
							"size": [0.37517, 0.1125, 1.825],
							"pivot": [-0.11224, 1.15031, -1.46392],
							"rotation": [0, 0, -22.5],
							"uv": {
								"north": {"uv": [66, 63], "uv_size": [0.4375, 0.125]},
								"east": {"uv": [57, 61], "uv_size": [1.8125, 0.125]},
								"south": {"uv": [64, 66], "uv_size": [0.4375, 0.125]},
								"west": {"uv": [61, 57], "uv_size": [1.8125, 0.125]},
								"up": {"uv": [45, 53], "uv_size": [0.4375, 1.8125]},
								"down": {"uv": [53, 46.8125], "uv_size": [0.4375, -1.8125]}
							}
						},
						{
							"origin": [-0.18759, 2.88281, 1],
							"size": [0.37518, 0.1125, 1.825],
							"uv": {
								"north": {"uv": [66, 64], "uv_size": [0.4375, 0.125]},
								"east": {"uv": [61, 58], "uv_size": [1.8125, 0.125]},
								"south": {"uv": [65, 66], "uv_size": [0.4375, 0.125]},
								"west": {"uv": [59, 61], "uv_size": [1.8125, 0.125]},
								"up": {"uv": [53, 47], "uv_size": [0.4375, 1.8125]},
								"down": {"uv": [50, 54.8125], "uv_size": [0.4375, -1.8125]}
							}
						},
						{
							"origin": [-0.54278, 2.86463, 1],
							"size": [0.37517, 0.1125, 1.825],
							"pivot": [-0.1319, 1.1503, -1.46392],
							"rotation": [0, 0, 22.5],
							"uv": {
								"north": {"uv": [66, 65], "uv_size": [0.4375, 0.125]},
								"east": {"uv": [61, 59], "uv_size": [1.8125, 0.125]},
								"south": {"uv": [66, 66], "uv_size": [0.4375, 0.125]},
								"west": {"uv": [61, 60], "uv_size": [1.8125, 0.125]},
								"up": {"uv": [53, 50], "uv_size": [0.4375, 1.8125]},
								"down": {"uv": [53, 53.8125], "uv_size": [0.4375, -1.8125]}
							}
						},
						{
							"origin": [-0.86249, 2.71943, 1],
							"size": [0.37518, 0.1125, 1.825],
							"pivot": [-0.14023, 1.15588, -1.46392],
							"rotation": [0, 0, 45],
							"uv": {
								"north": {"uv": [0, 67], "uv_size": [0.4375, 0.125]},
								"east": {"uv": [61, 61], "uv_size": [1.8125, 0.125]},
								"south": {"uv": [67, 0], "uv_size": [0.4375, 0.125]},
								"west": {"uv": [62, 32], "uv_size": [1.8125, 0.125]},
								"up": {"uv": [34, 54], "uv_size": [0.4375, 1.8125]},
								"down": {"uv": [35, 55.8125], "uv_size": [0.4375, -1.8125]}
							}
						},
						{
							"origin": [1.15931, 1.74126, 1],
							"size": [0.1125, 0.37518, 1.825],
							"pivot": [-0.1458, 1.1642, -1.46392],
							"rotation": [0, 0, -22.5],
							"uv": {
								"north": {"uv": [1, 67], "uv_size": [0.125, 0.4375]},
								"east": {"uv": [52, 40], "uv_size": [1.8125, 0.4375]},
								"south": {"uv": [67, 1], "uv_size": [0.125, 0.4375]},
								"west": {"uv": [54, 35], "uv_size": [1.8125, 0.4375]},
								"up": {"uv": [62, 33], "uv_size": [0.125, 1.8125]},
								"down": {"uv": [34, 63.8125], "uv_size": [0.125, -1.8125]}
							}
						},
						{
							"origin": [0.83057, 1.86465, 1],
							"size": [0.1125, 0.37518, 1.825],
							"uv": {
								"north": {"uv": [2, 67], "uv_size": [0.125, 0.4375]},
								"east": {"uv": [54, 36], "uv_size": [1.8125, 0.4375]},
								"south": {"uv": [67, 2], "uv_size": [0.125, 0.4375]},
								"west": {"uv": [54, 37], "uv_size": [1.8125, 0.4375]},
								"up": {"uv": [35, 62], "uv_size": [0.125, 1.8125]},
								"down": {"uv": [62, 36.8125], "uv_size": [0.125, -1.8125]}
							}
						},
						{
							"origin": [0.48716, 1.85434, 1],
							"size": [0.1125, 0.37517, 1.825],
							"pivot": [-0.14579, 1.18386, -1.46392],
							"rotation": [0, 0, 22.5],
							"uv": {
								"north": {"uv": [3, 67], "uv_size": [0.125, 0.4375]},
								"east": {"uv": [54, 39], "uv_size": [1.8125, 0.4375]},
								"south": {"uv": [67, 3], "uv_size": [0.125, 0.4375]},
								"west": {"uv": [54, 40], "uv_size": [1.8125, 0.4375]},
								"up": {"uv": [36, 62], "uv_size": [0.125, 1.8125]},
								"down": {"uv": [37, 63.8125], "uv_size": [0.125, -1.8125]}
							}
						},
						{
							"origin": [-0.61823, 1.76091, 1],
							"size": [0.1125, 0.37518, 1.825],
							"pivot": [-0.09834, 1.18386, -1.46392],
							"rotation": [0, 0, -22.5],
							"uv": {
								"north": {"uv": [4, 67], "uv_size": [0.125, 0.4375]},
								"east": {"uv": [41, 54], "uv_size": [1.8125, 0.4375]},
								"south": {"uv": [67, 4], "uv_size": [0.125, 0.4375]},
								"west": {"uv": [54, 43], "uv_size": [1.8125, 0.4375]},
								"up": {"uv": [38, 62], "uv_size": [0.125, 1.8125]},
								"down": {"uv": [39, 63.8125], "uv_size": [0.125, -1.8125]}
							}
						},
						{
							"origin": [-0.94307, 1.86465, 1],
							"size": [0.1125, 0.37518, 1.825],
							"uv": {
								"north": {"uv": [5, 67], "uv_size": [0.125, 0.4375]},
								"east": {"uv": [54, 44], "uv_size": [1.8125, 0.4375]},
								"south": {"uv": [67, 5], "uv_size": [0.125, 0.4375]},
								"west": {"uv": [54, 45], "uv_size": [1.8125, 0.4375]},
								"up": {"uv": [40, 62], "uv_size": [0.125, 1.8125]},
								"down": {"uv": [41, 63.8125], "uv_size": [0.125, -1.8125]}
							}
						},
						{
							"origin": [-1.29039, 1.83469, 1],
							"size": [0.1125, 0.37517, 1.825],
							"pivot": [-0.09834, 1.16421, -1.46392],
							"rotation": [0, 0, 22.5],
							"uv": {
								"north": {"uv": [6, 67], "uv_size": [0.125, 0.4375]},
								"east": {"uv": [54, 46], "uv_size": [1.8125, 0.4375]},
								"south": {"uv": [67, 6], "uv_size": [0.125, 0.4375]},
								"west": {"uv": [54, 47], "uv_size": [1.8125, 0.4375]},
								"up": {"uv": [42, 62], "uv_size": [0.125, 1.8125]},
								"down": {"uv": [43, 63.8125], "uv_size": [0.125, -1.8125]}
							}
						}
					]
				},
				{
					"name": "ocular",
					"pivot": [0, 1.77, 4.425],
					"cubes": [
						{
							"origin": [0.39502, 0.82678, 2.33125],
							"size": [0.38042, 1.7125, 0.225],
							"pivot": [-0.12207, 1.14835, -1.46392],
							"rotation": [0, 0, -45],
							"uv": {
								"south": {"uv": [57, 46], "uv_size": [0.375, 1.9375]}
							}
						},
						{
							"origin": [0.13658, 1.05675, 2.33125],
							"size": [0.38042, 1.7125, 0.225],
							"pivot": [-0.12207, 1.14835, -1.46392],
							"rotation": [0, 0, -22.5],
							"uv": {
								"south": {"uv": [47, 57], "uv_size": [0.375, 1.9375]}
							}
						},
						{
							"origin": [-0.19021, 1.17031, 2.33125],
							"size": [0.38042, 1.7125, 0.225],
							"uv": {
								"south": {"uv": [48, 57], "uv_size": [0.375, 1.9375]}
							}
						},
						{
							"origin": [-0.53558, 1.15018, 2.33125],
							"size": [0.38042, 1.7125, 0.225],
							"pivot": [-0.12207, 1.14835, -1.46392],
							"rotation": [0, 0, 22.5],
							"uv": {
								"south": {"uv": [57, 48], "uv_size": [0.375, 1.9375]}
							}
						},
						{
							"origin": [-0.84695, 0.9994, 2.33125],
							"size": [0.38042, 1.7125, 0.225],
							"pivot": [-0.12207, 1.14835, -1.46392],
							"rotation": [0, 0, 45],
							"uv": {
								"south": {"uv": [49, 57], "uv_size": [0.375, 1.9375]}
							}
						},
						{
							"origin": [-0.52946, 1.72279, 2.33125],
							"size": [1.7125, 0.38042, 0.225],
							"pivot": [-0.12207, 1.14835, -1.46392],
							"rotation": [0, 0, -22.5],
							"uv": {
								"south": {"uv": [50, 57], "uv_size": [1.9375, 0.375]}
							}
						},
						{
							"origin": [-0.85625, 1.83635, 2.33125],
							"size": [1.7125, 0.38042, 0.225],
							"uv": {
								"south": {"uv": [57, 50], "uv_size": [1.9375, 0.375]}
							}
						},
						{
							"origin": [-1.20162, 1.81622, 2.33125],
							"size": [1.7125, 0.38042, 0.225],
							"pivot": [-0.12207, 1.14835, -1.46392],
							"rotation": [0, 0, 22.5],
							"uv": {
								"south": {"uv": [57, 51], "uv_size": [1.9375, 0.375]}
							}
						}
					]
				},
				{
					"name": "scope_view",
					"pivot": [0, 2.08125, 5.65]
				},
				{
					"name": "division",
					"pivot": [0, 0.78125, -41],
					"cubes": [
						{
							"origin": [16, -14.21875, -43.45],
							"size": [34, 32, 2],
							"uv": {
								"south": {"uv": [0, 0], "uv_size": [34, 32]}
							}
						},
						{
							"origin": [-50, -14.21875, -43.45],
							"size": [34, 32, 2],
							"uv": {
								"south": {"uv": [0, 32], "uv_size": [34, 32]}
							}
						},
						{
							"origin": [-16, -14.21875, -43.45],
							"size": [32, 32, 2],
							"uv": {
								"south": {"uv": [34, 0], "uv_size": [32, 32]}
							}
						},
						{
							"origin": [1, 1.60938, -41.4375],
							"size": [15, 0.34375, 0],
							"uv": {
								"south": {"uv": [34, 33], "uv_size": [15, 0.375]}
							}
						},
						{
							"origin": [-16, 1.60938, -41.4375],
							"size": [15, 0.34375, 0],
							"uv": {
								"south": {"uv": [34, 34], "uv_size": [15, 0.375]}
							}
						},
						{
							"origin": [-16, 1.53125, -41.4375],
							"size": [15.6, 0.5, 0],
							"pivot": [0, 1.78125, -41.4375],
							"rotation": [0, 0, -90],
							"uv": {
								"south": {"uv": [34, 32], "uv_size": [15.625, 0.5]}
							}
						}
					]
				},
				{
					"name": "crosshair_illuminated",
					"parent": "division",
					"pivot": [0, -0.03125, -9],
					"cubes": [
						{
							"origin": [-0.5, 0.41875, -43.2],
							"size": [1, 1, 2],
							"pivot": [0, 0.91875, -42.2],
							"rotation": [0, 0, -45],
							"uv": {
								"south": {"uv": [49, 38], "uv_size": [1, 1]}
							}
						}
					]
				}
			]
		}
	]
}