{
    "ammo": "tacz:308",
    "ammo_amount": 20,
    "bolt": "open_bolt",
    "rpm": 450,
    "bullet": {
      "life": 1,
      "bullet_amount": 1,
      "damage": 16,
      "tracer_count_interval": 0,
      "extra_damage": {
        "armor_ignore": 0.55,
        "head_shot_multiplier": 2,
        "damage_adjust": [
          {"distance": 5, "damage": 18},
          {"distance": 20, "damage": 16},
          {"distance": 30, "damage": 13.5},
          {"distance": 50, "damage": 11.4},
          {"distance": 100, "damage": 9.5},
          {"distance": "infinite", "damage": 7}
        ]
      },
      "speed": 380,
      "gravity": 0.025,
      "knockback": 0,
      "friction": 0.015,
      "ignite": false,
      "pierce": 2
    },
    "reload": {
      "type": "magazine",
      "feed": {
        "empty": 1.5,
        "tactical": 1.7
      },
      "cooldown": {
        "empty": 2.27,
        "tactical": 2.5
      }
    },
    "draw_time": 0.57,
    "put_away_time": 0.73,
    "aim_time": 0.28,
    "bolt_action_time": 1.4,
    "sprint_time": 0.2,
    "fire_mode": [
      "auto",
      "semi"
    ],
    "recoil": {
      "pitch": [
        {"time": 0, "value": [1.25, 1.25]},
        {"time": 0.3, "value": [1.25, 1.25]},
        {"time": 0.55, "value": [-0.225, -0.225]},
        {"time": 0.7, "value": [0, 0]},
        {"time": 0.8, "value": [0, 0]}
      ],
      "yaw": [
        {"time": 0, "value": [-0.35, -0.2]},
        {"time": 0.45, "value": [-0.35, -0.2]},
        {"time": 0.7, "value": [0, 0]}
      ]
    },

    "inaccuracy": {
      "stand": 5,
      "move": 7,
      "sneak": 3,
      "lie": 2,
      "aim": 0.2
    }
}