{
    "ammo": "tacz:308",
    "ammo_amount": 5,
    "bolt": "manual_action",
    "rpm": 150,
    "bullet": {
      "life": 1,
      "bullet_amount": 1,
      "damage": 28,
      "tracer_count_interval": 0,
      "extra_damage": {
        "armor_ignore": 0.65,
        "head_shot_multiplier": 2,
        "damage_adjust": [
          {"distance": 5, "damage": 25},
          {"distance": 20, "damage": 28},
          {"distance": 30, "damage": 30},
          {"distance": 50, "damage": 30},
          {"distance": 100, "damage": 26},
          {"distance": "infinite", "damage": 20}
        ]
      },
      "speed": 380,
      "gravity": 0.025,
      "knockback": 0,
      "friction": 0.015,
      "ignite": false,
      "pierce": 2
    },
    "reload": {
      "type": "magazine",
      "feed": {
        "empty": 2.42,
        "tactical": 2.42
      },
      "cooldown": {
        "empty": 3.63,
        "tactical": 3.7
      }
    },
    "draw_time": 0.57,
    "put_away_time": 0.73,
    "aim_time": 0.28,
    "bolt_action_time": 1.4,
    "sprint_time": 0.2,
    "fire_mode": [
      "semi"
    ],
    "recoil": {
      "pitch": [
        {"time": 0, "value": [1.15, 1.15]},
        {"time": 0.3, "value": [1.05, 1.05]},
        {"time": 0.55, "value": [-0.215, -0.215]},
        {"time": 0.7, "value": [0, 0]},
        {"time": 0.8, "value": [0, 0]}
      ],
      "yaw": [
        {"time": 0, "value": [-0.35, -0.15]},
        {"time": 0.45, "value": [-0.35, -0.15]},
        {"time": 0.7, "value": [0, 0]}
      ]
    },

    "inaccuracy": {
      "stand": 5,
      "move": 8.5,
      "sneak": 3,
      "lie": 2,
      "aim": 0.2
    }
}