{
  // 指定枪械弹药，此处我们使用默认枪包中的 7.62x39mm 步枪弹。
  "ammo": "tacz:762x39",
  // 弹容
  "ammo_amount": 30,
  // 枪栓类型。此处我们先按照 ak47 的类型填入 closed_bolt，以后再进行详细解释。
  "bolt": "closed_bolt",
  // 每分钟射出弹药量，最大不应超过 1200
  "rpm": 600,
  // 子弹实体属性
  "bullet": {
    "life": 0.7,
    "bullet_amount": 1,
    "damage": 8.5,
    "tracer_count_interval": 0,
    "extra_damage": {
      "armor_ignore": 0.25,
      "head_shot_multiplier": 1.5,
      "damage_adjust": [
        {"distance": 0.5, "damage": 8.6},
        {"distance": 14.5, "damage": 8.4},
        {"distance": 29.5, "damage": 6.8},
        {"distance": 49.5, "damage": 5.2},
        {"distance": "infinite", "damage": 4}
      ]
    },
      "speed": 190,
      "gravity": 0.0245,
      "knockback": 0,
      "friction": 0.012,
      "ignite": false,
      "pierce": 1
    },
  // 换弹参数
  "reload": {
    // 此处先填入 magazine，详细含义在以后解释。
    "type": "magazine",
    // 弹匣供弹完成时间，到达此时间点，服务端就更新枪内子弹数量
    // 通常对应着动画当中弹匣插入的瞬间。
    "feed": {
      // 空仓换弹
      "empty": 2.25,
      // 战术换弹
      "tactical": 1.55
    },
    // 弹匣供弹总时长（秒），到达此时间点，枪械才可以进行开火、检视等行为。
    // 通常对应着动画当中枪械回到原位的瞬间。
    "cooldown": {
      // 空仓换弹
      "empty": 2.6,
      // 战术换弹
      "tactical": 2.0
    }
  },
  // 枪械抬起的动作时长，单位秒。
  "draw_time": 0.35,
  // 收枪的动作时长，单位秒。
  "put_away_time": 0.4,
  // 瞄准时长，单位秒。
  "aim_time": 0.2,
  // 疾跑状态切换时长，单位秒。
  "sprint_time": 0.3,
  // 开火模式
  "fire_mode": [
    // 全自动
    "auto",
    // 半自动
    "semi"
  ],
  // 后坐力，pitch 和yaw 分别至少需要两个关键帧
  "recoil": {
    "pitch": [
      // time 表示关键帧在时间轴上的位置，value 表示随机取值的取值范围。
      {"time": 0, "value": [0.7, 0.7]},
      {"time": 0.25, "value": [0.7, 0.7]},
      {"time": 0.45, "value": [-0.175, -0.175]},
      {"time": 0.6, "value": [0, 0]}
    ],
    "yaw": [
      {"time": 0, "value": [-0.35, -0.15]},
      {"time": 0.25, "value": [-0.35, -0.15]},
      {"time": 0.45, "value": [0, 0]}
    ]
  },
  "melee": {
    // 枪械距离参数，用来延升近战攻击范围
    // 会与刺刀等配件的距离做加和
    "distance": 1,
    // 使用时的冷却时间
    // 会与刺刀等配件的冷却时间做加和
    "cooldown": 0.7,
    // 默认近战数据，会被配件的数据替换掉
    "default": {
      // 动画类型：没有枪托的为 melee_push，有枪托的为 melee_stock
      "animation_type": "melee_push",
      // 刺刀距离参数，枪械里还有个刺刀攻击距离参数，两者做加和
      "distance": 0,
      // 刺刀范围角度
      "range_angle": 40,
      // 刺刀冷却时间，枪械里还有个刺刀冷却时间参数，两者做加和
      "cooldown": 0,
      // 伤害值
      "damage": 1,
      // 击退效果
      "knockback": 0.5,
      // 前摇时长，单位：秒
      "prep": 0.1
    }
  }, 
    "allow_attachment_types": [
      "scope"
    ],
  // 不准确度
  "inaccuracy": {
    // 站立射击散布
    "stand": 2,
    // 移动射击散布
    "move": 4,
    // 潜行射击散布
    "sneak": 1,
    // 趴下射击散布
    "lie": 0.5,
    // 瞄准射击时散布
    "aim": 0.2
  }
}