{
	"format_version": "1.8.0",
	"animations": {
		"static_idle": {
			"loop": true,
			"bones": {
				"lefthand": {
					"rotation": [96.3949, -30.74097, -137.03831],
					"position": [8.05, -11.75, -5],
					"scale": [1, 1.5, 1]
				},
				"righthand": {
					"rotation": [91.51126, 6.99759, -179.81584],
					"position": [-6.875, -13.825, 6.8],
					"scale": [1, 1.5, 1]
				},
				"constraint": {
					"rotation": [0.1, 0.1, 0.1],
					"position": [0.1, 0.1, 0.4]
				}
			}
		},
		"static_bolt_caught": {
			"loop": true,
			"bones": {
				"416d_bolt": {
					"position": [0, 0, 5]
				},
				"release": {
					"rotation": [0, 0, 17.5]
				},
				"bolt": {
					"position": [0, 0, 4]
				}
			}
		},
		"reload_tactical": {
			"animation_length": 2.3667,
			"bones": {
				"MagazineCatch": {
					"position": {
						"0.6333": [0, 0, 0],
						"0.6667": [0.125, 0, 0],
						"0.9333": [0.125, 0, 0],
						"1.0": [0, 0, 0],
						"1.2667": [0, 0, 0],
						"1.3": [0.125, 0, 0],
						"1.3667": [0.125, 0, 0],
						"1.4": [0, 0, 0]
					}
				},
				"lefthand": {
					"rotation": {
						"0.0": [96.3949, -30.74097, -137.03831],
						"0.2333": [153.50847, -41.67248, -171.4756],
						"0.7333": [153.50847, -41.67248, -171.4756],
						"0.8": [153.50847, -41.67248, -171.4756],
						"0.9333": [153.50847, -41.67248, -171.4756],
						"1.3": [153.50847, -41.67248, -171.4756],
						"1.5667": [153.50847, -41.67248, -171.4756],
						"1.6667": [153.50847, -41.67248, -171.4756],
						"1.8667": [96.3949, -30.74097, -137.03831],
						"1.9333": [96.3949, -30.74097, -137.03831]
					},
					"position": {
						"0.0": [8.05, -11.75, -5],
						"0.2333": [7.175, -15.895, 0.77],
						"0.7333": [7.175, -15.895, 0.77],
						"1.3": [7.175, -15.895, 0.77],
						"1.4333": [7.175, -15.895, 0.77],
						"1.5": [7.30276, -20.74392, 2.24069],
						"1.5667": [9.12345, -28.20821, 6.58429],
						"1.6667": [9.12345, -28.20821, 6.58429],
						"1.8": [10.12056, -16.64921, -1.94525],
						"1.8667": [7.96457, -11.92884, -4.30898],
						"1.9333": [8.05, -11.75, -5]
					},
					"scale": [1, 1.5, 1]
				},
				"righthand": {
					"rotation": [91.51126, 6.99759, -179.81584],
					"position": [-6.875, -13.825, 6.8],
					"scale": [1, 1.5, 1]
				},
				"root": {
					"rotation": {
						"0.0": {
							"post": [0, 0, 0],
							"lerp_mode": "catmullrom"
						},
						"0.1": {
							"post": [-3.39058, 0.28629, 1.84737],
							"lerp_mode": "catmullrom"
						},
						"0.2333": {
							"post": [-15.02627, -13.21118, -27.57717],
							"lerp_mode": "catmullrom"
						},
						"0.3667": {
							"post": [-19.74235, -17.60041, -31.95266],
							"lerp_mode": "catmullrom"
						},
						"0.4667": {
							"post": [-19.60203, -16.52838, -29.44782],
							"lerp_mode": "catmullrom"
						},
						"0.6": {
							"post": [-17.74694, -16.2267, -30.26296],
							"lerp_mode": "catmullrom"
						},
						"0.7333": {
							"post": [-18.35208, -17.28687, -29.64263],
							"lerp_mode": "catmullrom"
						},
						"0.8": {
							"post": [-18.6521, -14.33136, -29.05652],
							"lerp_mode": "catmullrom"
						},
						"0.8667": {
							"post": [-21.44668, -15.60891, -35.76364],
							"lerp_mode": "catmullrom"
						},
						"0.9667": {
							"post": [-20.51, -16.885, -35.155],
							"lerp_mode": "catmullrom"
						},
						"1.0667": {
							"post": [-22.58, -18.43, -38.52],
							"lerp_mode": "catmullrom"
						},
						"1.1333": {
							"post": [-24.14718, -19.36223, -40.42979],
							"lerp_mode": "catmullrom"
						},
						"1.2333": {
							"post": [-25.86568, -18.60362, -39.43117],
							"lerp_mode": "catmullrom"
						},
						"1.2667": {
							"post": [-20.99501, -20.7155, -42.58894],
							"lerp_mode": "catmullrom"
						},
						"1.3": {
							"post": [-21.82846, -19.64614, -34.60032],
							"lerp_mode": "catmullrom"
						},
						"1.3667": {
							"post": [-20.15865, -22.61855, -40.66399],
							"lerp_mode": "catmullrom"
						},
						"1.4667": {
							"post": [-19.78756, -20.34191, -34.63564],
							"lerp_mode": "catmullrom"
						},
						"1.5667": {
							"post": [-22.07672, -17.69201, -31.64182],
							"lerp_mode": "catmullrom"
						},
						"1.7333": {
							"post": [-15.02312, -14.02803, -26.63737],
							"lerp_mode": "catmullrom"
						},
						"1.8333": {
							"post": [-6.80188, -3.25192, -14.58751],
							"lerp_mode": "catmullrom"
						},
						"1.9333": {
							"post": [2.0003, -0.99939, -2.8349],
							"lerp_mode": "catmullrom"
						},
						"2.0": {
							"post": [0.91765, 0.12214, 2.96963],
							"lerp_mode": "catmullrom"
						},
						"2.0333": {
							"post": [0, 0, -1],
							"lerp_mode": "catmullrom"
						},
						"2.1333": {
							"post": [-0.26875, 0, 1.75],
							"lerp_mode": "catmullrom"
						},
						"2.2333": {
							"post": [0, 0, 0],
							"lerp_mode": "catmullrom"
						},
						"2.3": {
							"post": [0, 0, 0],
							"lerp_mode": "catmullrom"
						}
					},
					"position": {
						"0.0": {
							"post": [0, 0, 0],
							"lerp_mode": "catmullrom"
						},
						"0.0667": {
							"post": [-0.07, -0.32, -0.14],
							"lerp_mode": "catmullrom"
						},
						"0.1333": {
							"post": [-0.2, -0.615, -1.29],
							"lerp_mode": "catmullrom"
						},
						"0.2667": {
							"post": [-0.2, -0.19, -0.93],
							"lerp_mode": "catmullrom"
						},
						"0.3667": {
							"post": [-0.27, -0.955, -0.69],
							"lerp_mode": "catmullrom"
						},
						"0.5": {
							"post": [-0.35, -0.965, -0.805],
							"lerp_mode": "catmullrom"
						},
						"0.7": {
							"post": [-0.3, -0.845, -0.67],
							"lerp_mode": "catmullrom"
						},
						"0.8333": {
							"post": [-0.15, -0.985, -0.705],
							"lerp_mode": "catmullrom"
						},
						"0.9": {
							"post": [-0.45, 0.035, -0.605],
							"lerp_mode": "catmullrom"
						},
						"1.0": {
							"post": [-0.575, -0.425, -0.745],
							"lerp_mode": "catmullrom"
						},
						"1.1": {
							"post": [-0.355, -0.67, -0.605],
							"lerp_mode": "catmullrom"
						},
						"1.2": {
							"post": [-0.37, -0.445, -0.605],
							"lerp_mode": "catmullrom"
						},
						"1.2333": {
							"post": [-0.29, -0.445, -0.605],
							"lerp_mode": "catmullrom"
						},
						"1.2667": {
							"post": [-0.4, -0.615, -0.605],
							"lerp_mode": "catmullrom"
						},
						"1.3": {
							"post": [-0.135, -1.43, -0.65],
							"lerp_mode": "catmullrom"
						},
						"1.3667": {
							"post": [-0.47, -1, -0.76],
							"lerp_mode": "catmullrom"
						},
						"1.4667": {
							"post": [-0.275, -0.85, -0.83],
							"lerp_mode": "catmullrom"
						},
						"1.5667": {
							"post": [-0.375, -0.775, -0.6],
							"lerp_mode": "catmullrom"
						},
						"1.7333": {
							"post": [-0.535, -0.805, -0.595],
							"lerp_mode": "catmullrom"
						},
						"1.8667": {
							"post": [-0.375, -1.5, -1.65],
							"lerp_mode": "catmullrom"
						},
						"2.0333": {
							"post": [0, -0.175, 0.1],
							"lerp_mode": "catmullrom"
						},
						"2.1333": {
							"post": [-0.08125, -0.01, -0.08],
							"lerp_mode": "catmullrom"
						},
						"2.2333": {
							"post": [0, 0, 0.075],
							"lerp_mode": "catmullrom"
						},
						"2.3667": {
							"post": [0, 0, 0],
							"lerp_mode": "catmullrom"
						}
					}
				},
				"magazine_and_hand": {
					"rotation": {
						"0.0": [0, 0, 0],
						"0.0667": [2.28516, 0.46364, -15.90029],
						"0.1333": [-9.29233, 3.95655, -47.62145],
						"0.2333": [-9.29233, 3.95655, -47.62145],
						"0.4333": [-9.29233, 3.95655, -47.62145],
						"0.5": [27.89308, -2.20816, 1.04072],
						"0.7": [82.72815, 4.09982, -3.25274],
						"0.8": [82.72815, 4.09982, -3.25274],
						"0.8667": [78.74684, 0.13189, -2.74684],
						"1.0": [4.01957, 0.13189, -2.74684],
						"1.1667": [2.74684, 0.13189, -2.74684],
						"1.2667": [0, 0, 0],
						"1.3": [0, 0, 0]
					},
					"position": {
						"0.0": [0, 0, 0],
						"0.0667": [2.85298, 0.37012, 2.02562],
						"0.1333": [7.05469, -5.83111, 4.93477],
						"0.2333": [6.16325, -13.56187, 7.97192],
						"0.4333": [6.16325, -13.56187, 7.97192],
						"0.5": [5.1268, -13.0699, 8.05087],
						"0.6": [2.81431, -5.32017, 1.21068],
						"0.6667": [2.11, -2.865, -0.87],
						"0.7": [1.23, -2.57, -1.66],
						"0.8": [1.23, -2.57, -1.66],
						"0.8667": [1.08, -6.82, -1.835],
						"1.0667": [0.64, -5.25, 0.085],
						"1.1667": [0.275, -3.525, -0.25],
						"1.2333": [0.14, -3.42, -0.045],
						"1.2667": [0, -3.325, 0],
						"1.3": [0, 0, 0]
					}
				},
				"magazine_bullet": {
					"scale": {
						"0.0": [0, 0, 0],
						"0.3": {
							"pre": [0, 0, 0],
							"post": [1, 1, 1]
						}
					}
				},
				"additional_magazine": {
					"rotation": {
						"0.7667": [0, 0, 0],
						"0.8667": [0, 0, 0],
						"1.0": [-99.81924, -7.51466, -2.75196],
						"1.3": [-102.31924, -7.51466, -2.75196],
						"1.4333": [-102.32, -7.51, -2.75],
						"1.5": [-103.88834, -3.94483, 4.34706],
						"1.5667": [-88.0676, -42.76537, -32.60857]
					},
					"position": {
						"0.7667": [0, 0, 0],
						"0.8": [-0.01375, 0.005, 0.015],
						"0.8667": [-0.16375, -5.095, -0.16],
						"0.9333": [-0.31, -6.335, 1.84],
						"1.0": [-0.86, -8.475, 1.745],
						"1.0667": [-1.00375, -8.225, 2.135],
						"1.1667": [-1.36875, -6.65, 2],
						"1.2333": [-1.50375, -6.57, 2.205],
						"1.2667": [-1.64375, -6.15, 2.25],
						"1.3": [-1.81875, -3.35, 2.25],
						"1.4333": [-1.82, -3.35, 2.25],
						"1.5": [-1.77224, -8.31892, 3.76569],
						"1.5667": [0.80813, -15.28726, 7.65993]
					}
				},
				"bullet": {
					"scale": 1
				},
				"constraint": {
					"rotation": {
						"0.0": [0.1, 0.1, 0.1],
						"0.2": [0.03, 0.03, 0.03],
						"1.7333": [0.03, 0.03, 0.03],
						"2.0333": [0.1, 0.1, 0.1]
					},
					"position": {
						"0.0": [0.1, 0.1, 0.4],
						"0.2": [0.03, 0.03, 0.03],
						"1.7333": [0.03, 0.03, 0.03],
						"2.0333": [0.1, 0.1, 0.4]
					}
				},
				"camera": {
					"rotation": {
						"0.0": {
							"post": [0, 0, 0],
							"lerp_mode": "catmullrom"
						},
						"0.1333": {
							"post": [0.215, 0, -0.175],
							"lerp_mode": "catmullrom"
						},
						"0.3667": {
							"post": [1.95, 0.125, -1],
							"lerp_mode": "catmullrom"
						},
						"0.5667": {
							"post": [1.52, 0.125, -0.825],
							"lerp_mode": "catmullrom"
						},
						"0.8": {
							"post": [1.65, 0.125, -0.675],
							"lerp_mode": "catmullrom"
						},
						"0.8667": {
							"post": [2.055, 0, -0.05],
							"lerp_mode": "catmullrom"
						},
						"0.9667": {
							"post": [1.345, 0.125, -1.05],
							"lerp_mode": "catmullrom"
						},
						"1.1": {
							"post": [1.42, 0.13, -0.345],
							"lerp_mode": "catmullrom"
						},
						"1.2667": {
							"post": [1.51, 0.125, -0.675],
							"lerp_mode": "catmullrom"
						},
						"1.3333": {
							"post": [2.33, 0.025, 0],
							"lerp_mode": "catmullrom"
						},
						"1.4": {
							"post": [1.88, 0.125, -1],
							"lerp_mode": "catmullrom"
						},
						"1.5667": {
							"post": [1.88, 0.13, -0.235],
							"lerp_mode": "catmullrom"
						},
						"1.7333": {
							"post": [1.875, 0.125, -0.55],
							"lerp_mode": "catmullrom"
						},
						"2.0333": {
							"post": [-0.3, 0, 0.2],
							"lerp_mode": "catmullrom"
						},
						"2.1": {
							"post": [0.225, 0, -0.1],
							"lerp_mode": "catmullrom"
						},
						"2.2": {
							"post": [-0.125, 0, 0.1],
							"lerp_mode": "catmullrom"
						},
						"2.3": {
							"post": [0, 0, 0],
							"lerp_mode": "catmullrom"
						}
					}
				}
			},
			"sound_effects": {
				"0.0": {
					"effect": "m4a1_raise_v2"
				},
				"0.8": {
					"effect": "m4a1_reload_fast_magout_v2"
				},
				"0.9333": {
					"effect": "m4a1_reload_magin_01"
				},
				"1.2333": {
					"effect": "m4a1_reload_magin_v2_01"
				},
				"1.8667": {
					"effect": "m4a1_reload_gl_end_v1"
				}
			}
		},
		"reload_empty": {
			"animation_length": 2.6,
			"bones": {
				"root": {
					"rotation": {
						"0.0": {
							"post": [0, 0, 0],
							"lerp_mode": "catmullrom"
						},
						"0.0667": {
							"post": [-0.81, 0, -0.37],
							"lerp_mode": "catmullrom"
						},
						"0.1333": {
							"post": [-3.975, 0, -3.93044],
							"lerp_mode": "catmullrom"
						},
						"0.2333": {
							"post": [-9.6, 0, -28.135],
							"lerp_mode": "catmullrom"
						},
						"0.3333": {
							"post": [-9.81, 3.94, 19.19],
							"lerp_mode": "catmullrom"
						},
						"0.4": {
							"post": [-9.6, 2.25, 38.025],
							"lerp_mode": "catmullrom"
						},
						"0.4333": {
							"post": [-10.91, -3.37, 12.505],
							"lerp_mode": "catmullrom"
						},
						"0.5": {
							"post": [-14.725, -11.125, -36.175],
							"lerp_mode": "catmullrom"
						},
						"0.6": {
							"post": [-16.7944, -11.5444, -39.72658],
							"lerp_mode": "catmullrom"
						},
						"0.7333": {
							"post": [-19.96369, -10.48434, -32.09425],
							"lerp_mode": "catmullrom"
						},
						"0.9": {
							"post": [-19.37402, -15.30419, -34.57553],
							"lerp_mode": "catmullrom"
						},
						"1.0667": {
							"post": [-19.40163, -18.94758, -34.5197],
							"lerp_mode": "catmullrom"
						},
						"1.1333": {
							"post": [-19.45, -19.225, -37.79],
							"lerp_mode": "catmullrom"
						},
						"1.2333": {
							"post": [-19.91282, -19.18221, -40.98721],
							"lerp_mode": "catmullrom"
						},
						"1.3667": {
							"post": [-18.68527, -18.04535, -42.01972],
							"lerp_mode": "catmullrom"
						},
						"1.4": {
							"post": [-23.82543, -15.38938, -33.93363],
							"lerp_mode": "catmullrom"
						},
						"1.4667": {
							"post": [-15.20691, -19.39101, -45.42086],
							"lerp_mode": "catmullrom"
						},
						"1.5667": {
							"post": [-20.01324, -13.52431, -32.79789],
							"lerp_mode": "catmullrom"
						},
						"1.6667": {
							"post": [-17.51365, -7.73555, -20.04354],
							"lerp_mode": "catmullrom"
						},
						"1.8": {
							"post": [-18.52512, -4.10444, -8.67027],
							"lerp_mode": "catmullrom"
						},
						"1.8333": {
							"post": [-14.33966, 2.38138, 0.51836],
							"lerp_mode": "catmullrom"
						},
						"1.9": {
							"post": [-13, -0.22, -10.095],
							"lerp_mode": "catmullrom"
						},
						"1.9667": {
							"post": [-10.32, -1.59, -5.2],
							"lerp_mode": "catmullrom"
						},
						"2.0667": {
							"post": [-4.12226, -0.95187, -5.4613],
							"lerp_mode": "catmullrom"
						},
						"2.1667": {
							"post": [1.49758, 0.23209, -1.56086],
							"lerp_mode": "catmullrom"
						},
						"2.2667": {
							"post": [0.6362, -1.10838, -1.39959],
							"lerp_mode": "catmullrom"
						},
						"2.3333": {
							"post": [0.00883, 0.22483, 1.90002],
							"lerp_mode": "catmullrom"
						},
						"2.4333": {
							"post": [0, 0, -0.65],
							"lerp_mode": "catmullrom"
						},
						"2.5667": {
							"post": [0, 0, 0],
							"lerp_mode": "catmullrom"
						}
					},
					"position": {
						"0.0": {
							"post": [0, 0, 0],
							"lerp_mode": "catmullrom"
						},
						"0.0667": {
							"post": [-0.05, -0.05, -0.04],
							"lerp_mode": "catmullrom"
						},
						"0.1333": {
							"post": [-0.11, -0.37, -0.19],
							"lerp_mode": "catmullrom"
						},
						"0.2667": {
							"post": [0.92, -0.375, -0.71],
							"lerp_mode": "catmullrom"
						},
						"0.3667": {
							"post": [-1.9, -1.155, -0.92],
							"lerp_mode": "catmullrom"
						},
						"0.5667": {
							"post": [-0.375, -1.38, -0.92],
							"lerp_mode": "catmullrom"
						},
						"0.7333": {
							"post": [0, -0.605, -0.52],
							"lerp_mode": "catmullrom"
						},
						"0.8667": {
							"post": [0, -0.46, -0.5],
							"lerp_mode": "catmullrom"
						},
						"1.0333": {
							"post": [-0.015, -0.635, -0.535],
							"lerp_mode": "catmullrom"
						},
						"1.1333": {
							"post": [0.18, -0.725, -0.54],
							"lerp_mode": "catmullrom"
						},
						"1.2667": {
							"post": [-0.02, -0.305, -0.6],
							"lerp_mode": "catmullrom"
						},
						"1.3667": {
							"post": [-0.145, -0.3, -0.625],
							"lerp_mode": "catmullrom"
						},
						"1.4": {
							"post": [0.125, -1.155, -0.52],
							"lerp_mode": "catmullrom"
						},
						"1.4667": {
							"post": [0.02, -1.035, -0.62],
							"lerp_mode": "catmullrom"
						},
						"1.5333": {
							"post": [-0.13, -1.125, -0.715],
							"lerp_mode": "catmullrom"
						},
						"1.6333": {
							"post": [-0.3, -0.93, -0.57],
							"lerp_mode": "catmullrom"
						},
						"1.7333": {
							"post": [0.305, -0.44, -0.375],
							"lerp_mode": "catmullrom"
						},
						"1.7667": {
							"post": [0.59, -0.4, -0.39],
							"lerp_mode": "catmullrom"
						},
						"1.8333": {
							"post": [-0.6, -0.85, -0.65],
							"lerp_mode": "catmullrom"
						},
						"1.8667": {
							"post": [-0.44, -0.66, -0.56],
							"lerp_mode": "catmullrom"
						},
						"1.9": {
							"post": [-0.165, -0.92, -0.4],
							"lerp_mode": "catmullrom"
						},
						"1.9667": {
							"post": [-0.385, -0.96, -0.12],
							"lerp_mode": "catmullrom"
						},
						"2.1": {
							"post": [-0.2, -1.84, -1.375],
							"lerp_mode": "catmullrom"
						},
						"2.2": {
							"post": [-0.04, -0.815, -1.205],
							"lerp_mode": "catmullrom"
						},
						"2.2667": {
							"post": [0.14, -0.295, 0.1],
							"lerp_mode": "catmullrom"
						},
						"2.3333": {
							"post": [0, -0.025, 0.275],
							"lerp_mode": "catmullrom"
						},
						"2.4333": {
							"post": [0, 0, -0.075],
							"lerp_mode": "catmullrom"
						},
						"2.5667": {
							"post": [0, 0, 0],
							"lerp_mode": "catmullrom"
						}
					}
				},
				"magazine_and_hand": {
					"rotation": {
						"0.0": [0, 0, 0],
						"0.0667": [2.28516, 0.46364, -15.90029],
						"0.1333": [-9.29233, 3.95655, -47.62145],
						"0.2333": [-9.29233, 3.95655, -47.62145],
						"0.9": [-32.06761, 21.54675, -42.44775],
						"1.1": [3.6533, 1.02433, -29.9489],
						"1.2333": [-2.25, 0, 0],
						"1.4": [0, 0, 0]
					},
					"position": {
						"0.0": [0, 0, 0],
						"0.0667": [2.85298, 0.37012, 2.02562],
						"0.1333": [7.05469, -5.83111, 4.93477],
						"0.2333": [6.16325, -13.56187, 7.97192],
						"0.9": [2.47797, -14.19203, 10.77642],
						"1.0": [0.92103, -11.04078, 4.70174],
						"1.1333": [1.41342, -3.82347, 0.43728],
						"1.2333": [0, -3.7, -0.275],
						"1.3": [0, -3.59, -0.065],
						"1.3667": [0, -3.575, 0],
						"1.4": [0, 0, 0]
					}
				},
				"lefthand": {
					"rotation": {
						"0.0": [96.3949, -30.74097, -137.03831],
						"0.3667": [153.50847, -41.67248, -171.4756],
						"1.3": [153.50847, -41.67248, -171.4756],
						"1.5333": [153.50847, -41.67248, -171.4756],
						"1.7": [165.12839, 3.77225, -162.84801],
						"1.8": [165.12839, 3.77225, -162.84801],
						"1.8333": [160.63832, 3.33657, -188.33435],
						"1.9333": [160.82803, 4.32668, -185.49606],
						"2.1333": [96.3949, -30.74097, -137.03831]
					},
					"position": {
						"0.0": [8.05, -11.75, -5],
						"0.3667": [7.175, -15.895, 0.77],
						"1.3": [7.175, -15.895, 0.77],
						"1.5333": [7.175, -15.895, 0.77],
						"1.7": [13.79784, -11.4078, 2.0732],
						"1.8": [14.72602, -9.43687, 2.91196],
						"1.8333": [8.46113, -10.63987, 2.9982],
						"1.9333": [9.1719, -10.30572, 2.90794],
						"2.0333": [9.34872, -12.39277, -6.39741],
						"2.1333": [8.05, -11.75, -5]
					},
					"scale": [1, 1.5, 1]
				},
				"magazine_bullet": {
					"scale": {
						"0.0": [0, 0, 0],
						"0.8667": {
							"pre": [0, 0, 0],
							"post": [1, 1, 1]
						}
					}
				},
				"MagazineCatch": {
					"position": {
						"0.2333": [0, 0, 0],
						"0.3": [0.125, 0, 0],
						"0.6667": [0.125, 0, 0],
						"0.7333": [0, 0, 0],
						"1.3667": [0, 0, 0],
						"1.4": [0.125, 0, 0],
						"1.4667": [0.125, 0, 0],
						"1.5": [0, 0, 0]
					}
				},
				"release": {
					"rotation": {
						"0.0": [0, 0, 17.5],
						"1.8": [0, 0, 17.5],
						"1.8333": [0, 0, 0]
					}
				},
				"righthand": {
					"rotation": [91.51126, 6.99759, -179.81584],
					"position": [-6.875, -13.825, 6.8],
					"scale": [1, 1.5, 1]
				},
				"416d_bolt": {
					"position": {
						"0.0": [0, 0, 5],
						"1.8333": [0, 0, 5],
						"1.8667": [0, 0, 0]
					}
				},
				"camera": {
					"rotation": {
						"0.0": {
							"post": [0, 0, 0],
							"lerp_mode": "catmullrom"
						},
						"0.1333": {
							"post": [0.32, -0.31, -0.16],
							"lerp_mode": "catmullrom"
						},
						"0.2333": {
							"post": [0.775, -0.375, -0.55],
							"lerp_mode": "catmullrom"
						},
						"0.4333": {
							"post": [-0.095, 0.85, 0.625],
							"lerp_mode": "catmullrom"
						},
						"0.5333": {
							"post": [1.44, 0.1, -0.705],
							"lerp_mode": "catmullrom"
						},
						"0.6333": {
							"post": [1.575, -0.35, -0.45],
							"lerp_mode": "catmullrom"
						},
						"0.8333": {
							"post": [1.08, 0.475, -0.25],
							"lerp_mode": "catmullrom"
						},
						"1.0333": {
							"post": [1.33, 0.37, -0.67],
							"lerp_mode": "catmullrom"
						},
						"1.2": {
							"post": [1.585, 0.2, -0.6],
							"lerp_mode": "catmullrom"
						},
						"1.3667": {
							"post": [1.64, 0.22, -0.7],
							"lerp_mode": "catmullrom"
						},
						"1.4333": {
							"post": [2.265, 0.25, -0.16],
							"lerp_mode": "catmullrom"
						},
						"1.5333": {
							"post": [1.285, 0.25, -1.025],
							"lerp_mode": "catmullrom"
						},
						"1.6333": {
							"post": [1.385, 0.11, -0.48],
							"lerp_mode": "catmullrom"
						},
						"1.7333": {
							"post": [1.015, -0.025, -0.3],
							"lerp_mode": "catmullrom"
						},
						"1.8": {
							"post": [0.99, -0.03, 0.3],
							"lerp_mode": "catmullrom"
						},
						"1.8667": {
							"post": [1.7025, -0.03, -0.735],
							"lerp_mode": "catmullrom"
						},
						"1.9667": {
							"post": [0.875, -0.02, -0.255],
							"lerp_mode": "catmullrom"
						},
						"2.0667": {
							"post": [0.97, -0.01, -0.35],
							"lerp_mode": "catmullrom"
						},
						"2.1333": {
							"post": [0.835, 0, -0.25],
							"lerp_mode": "catmullrom"
						},
						"2.3": {
							"post": [-0.14, 0, 0.2],
							"lerp_mode": "catmullrom"
						},
						"2.3667": {
							"post": [0.175, 0, -0.125],
							"lerp_mode": "catmullrom"
						},
						"2.4667": {
							"post": [-0.075, 0, 0.075],
							"lerp_mode": "catmullrom"
						},
						"2.6": {
							"post": [0, 0, 0],
							"lerp_mode": "catmullrom"
						}
					}
				},
				"constraint": {
					"rotation": {
						"0.0": [0.1, 0.1, 0.1],
						"0.2": [0.03, 0.03, 0.03],
						"1.9": [0.03, 0.03, 0.03],
						"2.2": [0.1, 0.1, 0.1]
					},
					"position": {
						"0.0": [0.1, 0.1, 0.4],
						"0.2": [0.03, 0.03, 0.03],
						"1.9": [0.03, 0.03, 0.03],
						"2.2": [0.1, 0.1, 0.4]
					}
				},
				"bolt": {
					"position": {
						"0.0": [0, 0, 4],
						"1.8333": [0, 0, 4],
						"1.8667": [0, 0, 0]
					}
				},
				"additional_magazine": {
					"rotation": {
						"0.2667": [0, 0, 0],
						"0.4": [0, 0, 3],
						"0.4667": [0, 0, 16],
						"0.5": [0, 0, 18.5],
						"0.5333": [0, 0, -16],
						"0.6333": [0, 0, -151]
					},
					"position": {
						"0.2667": [0, 0, 0],
						"0.3667": [-0.15, -2.4, 0],
						"0.4": [-0.175, -2.49, 0.01],
						"0.4667": [-1.04909, -2.68175, 0.02021],
						"0.5": [-1.255, -2.835, 0.14],
						"0.5667": [2.94725, -5.93073, -0.66049],
						"0.6667": [6.77805, -16.90962, 2.51244],
						"0.7667": [8.94083, -31.39223, 8.14017]
					}
				},
				"bullet": {
					"scale": 1
				}
			},
			"sound_effects": {
				"0.0": {
					"effect": "m4a1_gl_reload_fast_raise"
				},
				"0.3333": {
					"effect": "m4a1_reload_empty_xmag_magout_01"
				},
				"0.5": {
					"effect": "m4a1_reload_empty_fast_magout_v2"
				},
				"1.2667": {
					"effect": "m4a1_reload_empty_magin_v2_02"
				},
				"1.6667": {
					"effect": "m4a1_reload_empty_fast_chamber_v2"
				},
				"2.1333": {
					"effect": "m4a1_reload_empty_fast_end_v2"
				}
			}
		},
		"inspect_empty": {
			"animation_length": 8.3333,
			"bones": {
				"lefthand": {
					"rotation": {
						"0.0": [96.3949, -30.74097, -137.03831],
						"0.1333": [99.49924, -14.05927, -169.79427],
						"1.8": [99.49924, -14.05927, -169.79427],
						"2.0": [121.60711, -3.77449, -183.61012],
						"2.7667": [121.60711, -3.77449, -183.61012],
						"2.8333": [136.60711, -3.77449, -183.61012],
						"3.4333": [136.60711, -3.77449, -183.61012],
						"6.8": [136.61, -3.77, -183.61],
						"7.0333": [132.9235, 10.91028, -234.51153],
						"7.1667": [132.9235, 10.91028, -234.51153],
						"7.6667": [132.92, 10.91, -234.51],
						"7.7667": [113.68263, -34.36921, -168.13917],
						"7.9": [96.3949, -30.74097, -137.03831]
					},
					"position": {
						"0.0": [8.05, -11.75, -5],
						"0.0667": [8.34, -13.99, -1.245],
						"0.1333": [8.125, -12.925, 0.38],
						"1.8": [8.125, -12.925, 0.38],
						"1.9": [8.655, -14.745, 0.8],
						"2.0": [6.625, -16.15, 1.43],
						"2.7667": [6.63, -16.15, 1.43],
						"2.8333": [8.13, -16.15, 1.43],
						"3.4333": [8.13, -16.15, 1.43],
						"4.2667": [5.13, -17.15, 5.43],
						"6.8": [8.13, -16.15, 1.43],
						"7.0333": [8.50671, -9.32734, 7.74259],
						"7.1667": [8.50671, -9.32734, 7.74259],
						"7.2667": [8.51, -9.33, 13.24],
						"7.4667": [8.51, -9.33, 13.24],
						"7.5667": [8.50671, -9.32734, 7.74259],
						"7.6667": [8.50671, -9.32734, 7.74259],
						"7.7667": [9.705, -14.33, 3.195],
						"7.8333": [9.53, -12.79, -1.96],
						"7.9": [8.05, -11.75, -5]
					},
					"scale": [1, 1.5, 1]
				},
				"righthand": {
					"rotation": [91.51126, 6.99759, -179.81584],
					"position": [-6.875, -13.825, 6.8],
					"scale": [1, 1.5, 1]
				},
				"root": {
					"rotation": {
						"0.0": {
							"post": [0, 0, 0],
							"lerp_mode": "catmullrom"
						},
						"0.1": {
							"post": [-2.92794, -1.45516, -4.08685],
							"lerp_mode": "catmullrom"
						},
						"0.2": {
							"post": [-6.23342, -0.06771, 6.84998],
							"lerp_mode": "catmullrom"
						},
						"0.2667": {
							"post": [-15.68551, 2.7218, 27.95326],
							"lerp_mode": "catmullrom"
						},
						"0.3667": {
							"post": [-26.33751, 20.61309, 45.54135],
							"lerp_mode": "catmullrom"
						},
						"0.4333": {
							"post": [-28.00547, 42.56983, 66.19136],
							"lerp_mode": "catmullrom"
						},
						"0.6": {
							"post": [-29.45998, 42.56019, 63.40711],
							"lerp_mode": "catmullrom"
						},
						"0.9": {
							"post": [-29.08729, 42.57667, 64.83091],
							"lerp_mode": "catmullrom"
						},
						"1.0667": {
							"post": [-25.18663, 45.11926, 71.68477],
							"lerp_mode": "catmullrom"
						},
						"1.2": {
							"post": [-25.55721, 45.49448, 71.72208],
							"lerp_mode": "catmullrom"
						},
						"1.4": {
							"post": [-26.235, 46.0275, 71.58375],
							"lerp_mode": "catmullrom"
						},
						"1.6333": {
							"post": [-26.91569, 45.1771, 70.74864],
							"lerp_mode": "catmullrom"
						},
						"1.7667": {
							"post": [-28.53, 34.325, 54.2375],
							"lerp_mode": "catmullrom"
						},
						"1.9": {
							"post": [-31.695, -6.02, -4.4475],
							"lerp_mode": "catmullrom"
						},
						"2.0333": {
							"post": [-31.7077, -20.32777, -27.91905],
							"lerp_mode": "catmullrom"
						},
						"2.1667": {
							"post": [-33.13341, -18.48017, -29.52559],
							"lerp_mode": "catmullrom"
						},
						"2.2333": {
							"post": [-29.24259, -20.6357, -35.75424],
							"lerp_mode": "catmullrom"
						},
						"2.3333": {
							"post": [-31.75318, -20.27906, -31.83003],
							"lerp_mode": "catmullrom"
						},
						"2.4667": {
							"post": [-30.87104, -20.98924, -33.51461],
							"lerp_mode": "catmullrom"
						},
						"2.7": {
							"post": [-30.96973, -20.31933, -32.90717],
							"lerp_mode": "catmullrom"
						},
						"3.1": {
							"post": [-31.19165, -20.8001, -33.83378],
							"lerp_mode": "catmullrom"
						},
						"3.4667": {
							"post": [-31.56, -19.59, -34.19],
							"lerp_mode": "catmullrom"
						},
						"3.6333": {
							"post": [-26.23638, -11.60253, -27.58239],
							"lerp_mode": "catmullrom"
						},
						"3.8": {
							"post": [-22.5484, -9.34587, -19.61706],
							"lerp_mode": "catmullrom"
						},
						"4.0": {
							"post": [-27.50449, 17.41323, 43.80724],
							"lerp_mode": "catmullrom"
						},
						"4.2": {
							"post": [-29.845, 28.53875, 55.025],
							"lerp_mode": "catmullrom"
						},
						"4.3333": {
							"post": [-29.56373, 29.96896, 57.57586],
							"lerp_mode": "catmullrom"
						},
						"4.4667": {
							"post": [-29.02324, 30.06323, 58.84474],
							"lerp_mode": "catmullrom"
						},
						"4.5333": {
							"post": [-29.30998, 32.16448, 61.3307],
							"lerp_mode": "catmullrom"
						},
						"4.6333": {
							"post": [-27.94694, 32.48368, 60.37904],
							"lerp_mode": "catmullrom"
						},
						"4.7": {
							"post": [-30.26565, 30.16774, 55.4556],
							"lerp_mode": "catmullrom"
						},
						"4.7667": {
							"post": [-30.02769, 30.4145, 55.94489],
							"lerp_mode": "catmullrom"
						},
						"4.8333": {
							"post": [-28.83883, 31.9124, 59.07239],
							"lerp_mode": "catmullrom"
						},
						"4.9333": {
							"post": [-30.43011, 30.04981, 55.22071],
							"lerp_mode": "catmullrom"
						},
						"5.0": {
							"post": [-29.28567, 31.15137, 57.44079],
							"lerp_mode": "catmullrom"
						},
						"5.1": {
							"post": [-28.91161, 31.56009, 58.2915],
							"lerp_mode": "catmullrom"
						},
						"5.1333": {
							"post": [-28.74813, 32.35437, 60.0253],
							"lerp_mode": "catmullrom"
						},
						"5.2": {
							"post": [-29.46004, 31.07145, 57.28422],
							"lerp_mode": "catmullrom"
						},
						"5.3": {
							"post": [-29.3152, 32.25841, 59.90051],
							"lerp_mode": "catmullrom"
						},
						"5.4333": {
							"post": [-30.17656, 31.59507, 58.41255],
							"lerp_mode": "catmullrom"
						},
						"5.5333": {
							"post": [-29.76875, 24.00375, 43.845],
							"lerp_mode": "catmullrom"
						},
						"5.7333": {
							"post": [-20.09433, -7.32392, -25.26456],
							"lerp_mode": "catmullrom"
						},
						"5.9": {
							"post": [-25.22, -16.29, -34.39],
							"lerp_mode": "catmullrom"
						},
						"6.0333": {
							"post": [-31.10621, -20.96141, -34.23635],
							"lerp_mode": "catmullrom"
						},
						"6.2": {
							"post": [-27.57602, -24.53818, -41.79788],
							"lerp_mode": "catmullrom"
						},
						"6.3": {
							"post": [-27.47758, -23.75677, -39.95647],
							"lerp_mode": "catmullrom"
						},
						"6.4667": {
							"post": [-27.46216, -24.37922, -41.42702],
							"lerp_mode": "catmullrom"
						},
						"6.5333": {
							"post": [-29.07756, -20.82572, -33.81444],
							"lerp_mode": "catmullrom"
						},
						"6.5667": {
							"post": [-26.04941, -24.49362, -42.11922],
							"lerp_mode": "catmullrom"
						},
						"6.6333": {
							"post": [-30.91574, -20.60051, -33.59982],
							"lerp_mode": "catmullrom"
						},
						"6.7333": {
							"post": [-27.63971, -21.78786, -35.79446],
							"lerp_mode": "catmullrom"
						},
						"6.8667": {
							"post": [-19.49668, -11.19785, -23.23037],
							"lerp_mode": "catmullrom"
						},
						"7.0": {
							"post": [-7.74481, -0.25471, 1.39865],
							"lerp_mode": "catmullrom"
						},
						"7.2": {
							"post": [-5.28, 2.64, 12.09],
							"lerp_mode": "catmullrom"
						},
						"7.2333": {
							"post": [-5.51, 1.9, 13.01],
							"lerp_mode": "catmullrom"
						},
						"7.2667": {
							"post": [-5.75363, 1.33079, 11.00024],
							"lerp_mode": "catmullrom"
						},
						"7.3": {
							"post": [-5.73845, 1.94936, 12.9322],
							"lerp_mode": "catmullrom"
						},
						"7.3667": {
							"post": [-5.93618, 2.73767, 11.28312],
							"lerp_mode": "catmullrom"
						},
						"7.4333": {
							"post": [-6.13568, 2.46194, 11.89363],
							"lerp_mode": "catmullrom"
						},
						"7.5333": {
							"post": [-6.40389, 1.73482, 12.36268],
							"lerp_mode": "catmullrom"
						},
						"7.6667": {
							"post": [-5.86981, 1.24529, 10.19865],
							"lerp_mode": "catmullrom"
						},
						"7.7333": {
							"post": [-2.82, 0.41, 6.84],
							"lerp_mode": "catmullrom"
						},
						"7.8333": {
							"post": [-1.25465, -0.85991, 0.99261],
							"lerp_mode": "catmullrom"
						},
						"7.9333": {
							"post": [-0.71699, -0.7512, -1.37103],
							"lerp_mode": "catmullrom"
						},
						"8.0333": {
							"post": [1, -0.43, -2.52],
							"lerp_mode": "catmullrom"
						},
						"8.0667": {
							"post": [0, 0, 1.35],
							"lerp_mode": "catmullrom"
						},
						"8.1667": {
							"post": [0, 0, -0.7375],
							"lerp_mode": "catmullrom"
						},
						"8.2667": {
							"post": [0, 0, -0.53125],
							"lerp_mode": "catmullrom"
						},
						"8.4": {
							"post": [0, 0, 0],
							"lerp_mode": "catmullrom"
						}
					},
					"position": {
						"0.0": {
							"post": [0, 0, 0],
							"lerp_mode": "catmullrom"
						},
						"0.1": {
							"post": [0.08, -0.895, 0],
							"lerp_mode": "catmullrom"
						},
						"0.2333": {
							"post": [-0.15, -0.29, -0.76],
							"lerp_mode": "catmullrom"
						},
						"0.3333": {
							"post": [-0.395, 1.03, -1.545],
							"lerp_mode": "catmullrom"
						},
						"0.4333": {
							"post": [-0.665, 1.425, -1.86],
							"lerp_mode": "catmullrom"
						},
						"0.5667": {
							"post": [-0.515, 1.3, -1.525],
							"lerp_mode": "catmullrom"
						},
						"0.7": {
							"post": [-0.59, 1.425, -1.63],
							"lerp_mode": "catmullrom"
						},
						"0.9": {
							"post": [-0.69, 1.425, -1.575],
							"lerp_mode": "catmullrom"
						},
						"1.1667": {
							"post": [-0.665, 1.225, -1.57],
							"lerp_mode": "catmullrom"
						},
						"1.4333": {
							"post": [-0.615, 1.38, -1.585],
							"lerp_mode": "catmullrom"
						},
						"1.6333": {
							"post": [-0.59, 1.4, -1.575],
							"lerp_mode": "catmullrom"
						},
						"1.7333": {
							"post": [-0.765, 0.795, -1.455],
							"lerp_mode": "catmullrom"
						},
						"1.8667": {
							"post": [-0.775, 0.005, -1.205],
							"lerp_mode": "catmullrom"
						},
						"2.0": {
							"post": [-0.74, 0.87, -0.98],
							"lerp_mode": "catmullrom"
						},
						"2.1667": {
							"post": [-0.485, 0.72, -0.98],
							"lerp_mode": "catmullrom"
						},
						"2.2333": {
							"post": [-1.035, 1.345, -1.03],
							"lerp_mode": "catmullrom"
						},
						"2.4": {
							"post": [-1.025, 1.025, -0.98],
							"lerp_mode": "catmullrom"
						},
						"2.6": {
							"post": [-0.81, 0.87, -0.98],
							"lerp_mode": "catmullrom"
						},
						"2.9": {
							"post": [-1.01, 0.735, -0.98],
							"lerp_mode": "catmullrom"
						},
						"3.2333": {
							"post": [-0.86, 1.045, -0.98],
							"lerp_mode": "catmullrom"
						},
						"3.5": {
							"post": [-0.84, 0.84, -0.98],
							"lerp_mode": "catmullrom"
						},
						"3.7": {
							"post": [-0.81, 0.89, -1.23],
							"lerp_mode": "catmullrom"
						},
						"3.8667": {
							"post": [-0.64, 0.425, -1.465],
							"lerp_mode": "catmullrom"
						},
						"4.0333": {
							"post": [-0.61, 1.02, -2.39],
							"lerp_mode": "catmullrom"
						},
						"4.2": {
							"post": [-0.56, 1.5875, -2.59],
							"lerp_mode": "catmullrom"
						},
						"4.3333": {
							"post": [-0.44, 1.52, -2.57],
							"lerp_mode": "catmullrom"
						},
						"4.4333": {
							"post": [-0.31, 1.6425, -2.655],
							"lerp_mode": "catmullrom"
						},
						"4.5333": {
							"post": [-0.31, 2.28625, -2.60375],
							"lerp_mode": "catmullrom"
						},
						"4.5667": {
							"post": [-0.31, 2.24125, -2.595],
							"lerp_mode": "catmullrom"
						},
						"4.6": {
							"post": [-0.31, 2.24125, -2.605],
							"lerp_mode": "catmullrom"
						},
						"4.7333": {
							"post": [-0.3, 1.83, -2.625],
							"lerp_mode": "catmullrom"
						},
						"4.8333": {
							"post": [-0.29, 2.12, -2.635],
							"lerp_mode": "catmullrom"
						},
						"4.8667": {
							"post": [-0.29, 2.025, -2.635],
							"lerp_mode": "catmullrom"
						},
						"4.9333": {
							"post": [-0.29, 1.73, -2.645],
							"lerp_mode": "catmullrom"
						},
						"5.0": {
							"post": [-0.28, 1.765, -2.655],
							"lerp_mode": "catmullrom"
						},
						"5.1": {
							"post": [-0.27, 2.05, -2.665],
							"lerp_mode": "catmullrom"
						},
						"5.1333": {
							"post": [-0.26, 2, -2.675],
							"lerp_mode": "catmullrom"
						},
						"5.1667": {
							"post": [-0.25, 2.01, -2.685],
							"lerp_mode": "catmullrom"
						},
						"5.2667": {
							"post": [-0.24, 2.05, -2.695],
							"lerp_mode": "catmullrom"
						},
						"5.3333": {
							"post": [-0.24, 2.12, -2.695],
							"lerp_mode": "catmullrom"
						},
						"5.4333": {
							"post": [-0.23, 1.69125, -2.705],
							"lerp_mode": "catmullrom"
						},
						"5.5": {
							"post": [-0.24, 1.18125, -2.705],
							"lerp_mode": "catmullrom"
						},
						"5.6": {
							"post": [-0.23, -0.335, -1.85],
							"lerp_mode": "catmullrom"
						},
						"5.7": {
							"post": [-0.215, 0.07, -0.98],
							"lerp_mode": "catmullrom"
						},
						"5.8": {
							"post": [-0.21, 0.3425, -0.86],
							"lerp_mode": "catmullrom"
						},
						"6.0": {
							"post": [-0.215, 0.17, -0.98],
							"lerp_mode": "catmullrom"
						},
						"6.3": {
							"post": [-0.265, 0.595, -0.98],
							"lerp_mode": "catmullrom"
						},
						"6.4": {
							"post": [-0.205, 0.66, -0.98],
							"lerp_mode": "catmullrom"
						},
						"6.4667": {
							"post": [-0.265, 0.645, -0.98],
							"lerp_mode": "catmullrom"
						},
						"6.5333": {
							"post": [0.11, -0.08, -0.98],
							"lerp_mode": "catmullrom"
						},
						"6.5667": {
							"post": [0.15, 0.08, -0.98],
							"lerp_mode": "catmullrom"
						},
						"6.6667": {
							"post": [0.01, -0.13, -0.98],
							"lerp_mode": "catmullrom"
						},
						"6.8": {
							"post": [-0.09, -0.08, -0.98],
							"lerp_mode": "catmullrom"
						},
						"6.9": {
							"post": [-0.29, -0.67, -0.88],
							"lerp_mode": "catmullrom"
						},
						"7.0333": {
							"post": [-0.225, -0.45, -0.56875],
							"lerp_mode": "catmullrom"
						},
						"7.1667": {
							"post": [-0.22, -0.385, -0.53],
							"lerp_mode": "catmullrom"
						},
						"7.2333": {
							"post": [-0.245, -0.54, -0.945],
							"lerp_mode": "catmullrom"
						},
						"7.3333": {
							"post": [-0.305, -0.525, -0.935],
							"lerp_mode": "catmullrom"
						},
						"7.4667": {
							"post": [-0.265, -0.58, -1.025],
							"lerp_mode": "catmullrom"
						},
						"7.5333": {
							"post": [-0.275, -0.56, -0.835],
							"lerp_mode": "catmullrom"
						},
						"7.6333": {
							"post": [-0.25, -0.55, -0.86875],
							"lerp_mode": "catmullrom"
						},
						"7.7": {
							"post": [-0.19, -0.7, -1.03],
							"lerp_mode": "catmullrom"
						},
						"7.8": {
							"post": [-0.07, -0.91, -1.355],
							"lerp_mode": "catmullrom"
						},
						"7.9333": {
							"post": [0, -1.025, -1.85],
							"lerp_mode": "catmullrom"
						},
						"8.0333": {
							"post": [0, -0.10625, 0.15],
							"lerp_mode": "catmullrom"
						},
						"8.1667": {
							"post": [0, 0, -0.11875],
							"lerp_mode": "catmullrom"
						},
						"8.3333": {
							"post": [0, 0, 0],
							"lerp_mode": "catmullrom"
						}
					}
				},
				"magazine_and_hand": {
					"rotation": {
						"2.1667": [0, 0, 0],
						"2.2333": {
							"pre": [0, 0, 0],
							"post": [0, 0, 0],
							"lerp_mode": "catmullrom"
						},
						"2.3": {
							"post": [9.203, -2.00169, -11.09877],
							"lerp_mode": "catmullrom"
						},
						"2.3667": {
							"post": [-2.89032, -3.53535, 2.06985],
							"lerp_mode": "catmullrom"
						},
						"2.4333": {
							"post": [-7.58646, -4.0264, 8.70465],
							"lerp_mode": "catmullrom"
						},
						"2.6": [-7.67616, -5.11571, 9.98963],
						"2.7667": [-7.70946, -6.83347, 10.3497],
						"2.8667": [31.2, 12.59, 75.22],
						"2.9333": [44.51426, 20.8106, 112.23175],
						"3.1": [47.07875, 23.37875, 119.41],
						"3.2": [46.71, 22.28, 118.59],
						"3.3333": [46.2225, 20.81, 117.48875],
						"3.4333": [45.65, 20.81, 117.35],
						"3.5333": {
							"pre": [20.7, 16.47, 27.02],
							"post": [20.7, 16.47, 27.02],
							"lerp_mode": "catmullrom"
						},
						"3.6": {
							"post": [5.73056, 13.86361, -27.17426],
							"lerp_mode": "catmullrom"
						},
						"5.7333": {
							"post": [5.73056, 13.86361, -27.17426],
							"lerp_mode": "catmullrom"
						},
						"5.9667": [1.29145, -9.7762, 1.48473],
						"6.0667": [5.1433, -1.20887, -5.04347],
						"6.1333": [-0.75, 0, 0],
						"6.2667": [0, 0, 0],
						"6.3333": [0, 0, 0],
						"6.4667": [0, 0, 0],
						"6.5333": [0, 0, 0]
					},
					"position": {
						"2.1667": [0, 0, 0],
						"2.2333": {
							"pre": [0.175, -7.06, 0.97],
							"post": [0.175, -7.06, 0.97],
							"lerp_mode": "catmullrom"
						},
						"2.3": {
							"post": [2.05719, -9.57491, 1.73318],
							"lerp_mode": "catmullrom"
						},
						"2.3667": {
							"post": [4.04785, -7.1694, 1.1623],
							"lerp_mode": "catmullrom"
						},
						"2.4667": {
							"post": [4.90917, -6.70004, 0.75521],
							"lerp_mode": "catmullrom"
						},
						"2.6333": {
							"post": [5.09526, -5.89847, 0.88375],
							"lerp_mode": "catmullrom"
						},
						"2.7667": {
							"post": [5.26583, -5.67508, 0.71231],
							"lerp_mode": "catmullrom"
						},
						"2.9": {
							"post": [6.39781, -5.96163, 0.11955],
							"lerp_mode": "catmullrom"
						},
						"3.0667": [6.52602, -5.80959, -0.02997],
						"3.2": [6.52, -5.82, -0.02],
						"3.3": [6.52, -5.82, -0.02],
						"3.4": [6.51, -5.82, -0.02],
						"3.5": {
							"pre": [3.61, -7.62, 3.03],
							"post": [3.61, -7.62, 3.03],
							"lerp_mode": "catmullrom"
						},
						"3.6": {
							"post": [-2.19156, -11.22691, 9.13499],
							"lerp_mode": "catmullrom"
						},
						"3.8333": [4.32319, -7.75804, 9.80502],
						"3.9333": [8.09672, -1.23486, 8.28932],
						"4.0333": [6.4886, 3.82814, 6.55342],
						"4.1": [3.1318, 5.33273, 5.64785],
						"4.1667": [0.5206, 6.19833, 6.32249],
						"4.3": [0.5206, 6.19833, 6.32249],
						"4.4333": [0.5206, 6.19833, 6.32249],
						"4.4667": [0.625, 6.255, 6.415],
						"4.5667": [0.625, 6.255, 11.415],
						"4.6333": [0.625, 6.255, 11.415],
						"4.7": [0.625, 6.255, 6.415],
						"4.8": [0.625, 6.255, 6.415],
						"4.8667": [0.625, 6.255, 11.415],
						"4.9333": [0.625, 6.255, 11.415],
						"5.0333": [0.625, 6.255, 6.415],
						"5.1333": [0.625, 6.255, 11.415],
						"5.2": [0.625, 6.255, 11.415],
						"5.3": [0.625, 6.255, 6.415],
						"5.4333": [0.625, 6.255, 6.415],
						"5.5667": [9.85859, 6.06658, 9.51346],
						"5.7333": {
							"pre": [-2.19156, -11.22691, 9.13499],
							"post": [-2.19156, -11.22691, 9.13499],
							"lerp_mode": "catmullrom"
						},
						"6.0333": [1.19723, -5.38675, 0.94906],
						"6.1333": [0, -3.8, -0.55],
						"6.2": [0, -3.805, -0.25],
						"6.2667": [0, -3.65, -0.35],
						"6.3333": [0, -3.5, -0.2],
						"6.4": [0, -3.19, 0],
						"6.4667": [0, -2.89, 0],
						"6.5333": [0, 0, 0]
					}
				},
				"gun_and_hand": {
					"rotation": {
						"2.2667": [0, 0, 0],
						"3.8333": [0, 0, 0]
					},
					"position": {
						"2.2667": {
							"pre": [0, 0, 0],
							"post": [0, 0, 0],
							"lerp_mode": "catmullrom"
						},
						"2.6333": {
							"post": [-0.4984, -0.50383, 0.55979],
							"lerp_mode": "catmullrom"
						},
						"3.0667": {
							"post": [-0.60824, -0.55716, 0.65883],
							"lerp_mode": "catmullrom"
						},
						"3.4667": {
							"post": [-0.60824, -0.55716, 0.65883],
							"lerp_mode": "catmullrom"
						},
						"3.8333": {
							"post": [0, 0, 0],
							"lerp_mode": "catmullrom"
						}
					}
				},
				"additional_magazine": {
					"scale": 0
				},
				"charge_handle": {
					"position": {
						"4.4667": [0, 0, 0],
						"4.5667": [0, 0, 4.85],
						"4.6333": [0, 0, 4.85],
						"4.7": [0, 0, 0],
						"4.8": [0, 0, 0],
						"4.8667": [0, 0, 4.85],
						"4.9333": [0, 0, 4.85],
						"5.0333": [0, 0, 0],
						"5.1333": [0, 0, 4.85],
						"5.2": [0, 0, 4.85],
						"5.3": [0, 0, 0],
						"7.1667": [0, 0, 0],
						"7.2667": [0, 0, 4.85],
						"7.4667": [0, 0, 4.85],
						"7.5667": [0, 0, 0]
					}
				},
				"MagazineCatch": {
					"position": {
						"0.0": [0, 0, 0],
						"2.0667": [0, 0, 0],
						"2.1": [0.125, 0, 0],
						"2.4": [0.125, 0, 0],
						"2.4333": [0, 0, 0],
						"6.4667": [0, 0, 0],
						"6.5": [0.125, 0, 0],
						"6.5333": [0.125, 0, 0],
						"6.5667": [0, 0, 0]
					}
				},
				"magazine_bullet": {
					"scale": {
						"3.6": [1, 1, 1],
						"3.6333": {
							"pre": [1, 1, 1],
							"post": [0, 0, 0]
						},
						"5.7333": [0, 0, 0],
						"5.8": {
							"pre": [0, 0, 0],
							"post": [1, 1, 1]
						}
					}
				},
				"416d_bolt": {
					"position": {
						"0.0": [0, 0, 5],
						"4.4667": [0, 0, 5],
						"4.5667": [0, 0, 0],
						"7.4667": [0, 0, 0],
						"7.5667": [0, 0, 5]
					}
				},
				"release": {
					"rotation": {
						"0.0": [0, 0, 17.5],
						"4.5": [0, 0, 17.5],
						"4.5333": [0, 0, 0],
						"7.2333": [0, 0, 0],
						"7.2667": [0, 0, 17.5]
					}
				},
				"bullet": {
					"scale": 0
				},
				"camera": {
					"relative_to": {
						"rotation": "entity"
					},
					"rotation": {
						"0.0": {
							"post": [0, 0, 0],
							"lerp_mode": "catmullrom"
						},
						"0.2": {
							"post": [0.215, 0, 0],
							"lerp_mode": "catmullrom"
						},
						"0.5333": {
							"post": [3.125, -0.25, 0.8],
							"lerp_mode": "catmullrom"
						},
						"0.7333": {
							"post": [2.745, -0.25, 1],
							"lerp_mode": "catmullrom"
						},
						"1.6667": {
							"post": [1.67, -0.25, 0.725],
							"lerp_mode": "catmullrom"
						},
						"1.9667": {
							"post": [2.79, 0.39, -0.865],
							"lerp_mode": "catmullrom"
						},
						"2.1667": {
							"post": [3.02, 0.44, -1.12],
							"lerp_mode": "catmullrom"
						},
						"2.2": {
							"post": [3.49, 0.42, -1.8],
							"lerp_mode": "catmullrom"
						},
						"2.2333": {
							"post": [3.82, 0.3, -0.325],
							"lerp_mode": "catmullrom"
						},
						"2.3333": {
							"post": [3, -0.42, -1.325],
							"lerp_mode": "catmullrom"
						},
						"2.4333": {
							"post": [3.38, -1.3, -0.72],
							"lerp_mode": "catmullrom"
						},
						"2.5667": {
							"post": [3.225, -2.125, -1.05],
							"lerp_mode": "catmullrom"
						},
						"3.0667": {
							"post": [3.055, -2.375, -1.125],
							"lerp_mode": "catmullrom"
						},
						"3.4667": {
							"post": [3.06, -2.38, -1.12],
							"lerp_mode": "catmullrom"
						},
						"3.7333": {
							"post": [4.16, -2.38, -1.12],
							"lerp_mode": "catmullrom"
						},
						"3.9333": {
							"post": [3.81, -1.78, 0.43],
							"lerp_mode": "catmullrom"
						},
						"4.2333": {
							"post": [-0.135, 0.82, 1.155],
							"lerp_mode": "catmullrom"
						},
						"4.4667": {
							"post": [-0.35, 1.06, 1.25],
							"lerp_mode": "catmullrom"
						},
						"4.5": {
							"post": [-0.02, 1.07, 0.685],
							"lerp_mode": "catmullrom"
						},
						"4.5333": {
							"post": [0.25, 1.05, 1.61],
							"lerp_mode": "catmullrom"
						},
						"4.6": {
							"post": [-0.505, 1.05, 0.82],
							"lerp_mode": "catmullrom"
						},
						"4.7": {
							"post": [0.08, 1.05, 1.63],
							"lerp_mode": "catmullrom"
						},
						"4.7667": {
							"post": [-0.105, 1.06, 1.075],
							"lerp_mode": "catmullrom"
						},
						"4.8333": {
							"post": [0.14, 1.07, 1.495],
							"lerp_mode": "catmullrom"
						},
						"4.8667": {
							"post": [0.38, 1.08, 1.09],
							"lerp_mode": "catmullrom"
						},
						"4.9": {
							"post": [0.5, 1.08, 2.04],
							"lerp_mode": "catmullrom"
						},
						"4.9667": {
							"post": [-0.245, 1.08, 0.9],
							"lerp_mode": "catmullrom"
						},
						"5.0667": {
							"post": [0.16, 1.08, 1.36],
							"lerp_mode": "catmullrom"
						},
						"5.1": {
							"post": [0.12, 1.08, 0.805],
							"lerp_mode": "catmullrom"
						},
						"5.1333": {
							"post": [0.08, 1.08, 1.905],
							"lerp_mode": "catmullrom"
						},
						"5.2": {
							"post": [0.485, 1.08, 1.24],
							"lerp_mode": "catmullrom"
						},
						"5.2667": {
							"post": [-0.53, 1.08, 1.675],
							"lerp_mode": "catmullrom"
						},
						"5.3667": {
							"post": [-0.21, 1.06, 1.38],
							"lerp_mode": "catmullrom"
						},
						"5.4667": {
							"post": [-0.14, 0.82, 1.155],
							"lerp_mode": "catmullrom"
						},
						"5.9": {
							"post": [1.585, -1.305, -1.12],
							"lerp_mode": "catmullrom"
						},
						"6.1333": {
							"post": [1.83, -1.45, -1.27],
							"lerp_mode": "catmullrom"
						},
						"6.2": {
							"post": [2.025, -1.43, -1.55],
							"lerp_mode": "catmullrom"
						},
						"6.2667": {
							"post": [1.76, -1.37, -0.93],
							"lerp_mode": "catmullrom"
						},
						"6.4": {
							"post": [1.865, -1.305, -1.12],
							"lerp_mode": "catmullrom"
						},
						"6.5333": {
							"post": [1.91, -1.33, -1.13],
							"lerp_mode": "catmullrom"
						},
						"6.5667": {
							"post": [2.25, -1.34, -1.68],
							"lerp_mode": "catmullrom"
						},
						"6.6": {
							"post": [2.49, -1.35, -0.665],
							"lerp_mode": "catmullrom"
						},
						"6.6667": {
							"post": [1.67, -1.38, -1.385],
							"lerp_mode": "catmullrom"
						},
						"6.7667": {
							"post": [2.005, -1.42, -1.005],
							"lerp_mode": "catmullrom"
						},
						"6.8667": {
							"post": [1.77, -1.305, -1.12],
							"lerp_mode": "catmullrom"
						},
						"7.1": {
							"post": [0.42, -0.29, -0.55],
							"lerp_mode": "catmullrom"
						},
						"7.1667": {
							"post": [0.27, -0.105, -0.445],
							"lerp_mode": "catmullrom"
						},
						"7.2333": {
							"post": [0.665, -0.03, 0.265],
							"lerp_mode": "catmullrom"
						},
						"7.3": {
							"post": [0.215, -0.04, -1.145],
							"lerp_mode": "catmullrom"
						},
						"7.4": {
							"post": [0.44, -0.06, 0],
							"lerp_mode": "catmullrom"
						},
						"7.5333": {
							"post": [0.27, -0.105, -0.445],
							"lerp_mode": "catmullrom"
						},
						"7.6667": {
							"post": [-0.14, -0.14, -0.055],
							"lerp_mode": "catmullrom"
						},
						"7.8": {
							"post": [-0.43, -0.155, -0.345],
							"lerp_mode": "catmullrom"
						},
						"7.9667": {
							"post": [0.26, -0.02, 0.025],
							"lerp_mode": "catmullrom"
						},
						"8.0333": {
							"post": [0.42, 0.02, -0.27],
							"lerp_mode": "catmullrom"
						},
						"8.1": {
							"post": [-0.305, 0.02, 0.405],
							"lerp_mode": "catmullrom"
						},
						"8.2": {
							"post": [0.19, 0.02, -0.145],
							"lerp_mode": "catmullrom"
						},
						"8.3": {
							"post": [0, 0, 0],
							"lerp_mode": "catmullrom"
						}
					}
				},
				"bolt": {
					"position": {
						"0.0": [0, 0, 4],
						"4.4667": [0, 0, 4],
						"4.5": [0, 0, 4],
						"4.5333": [0, 0, 4],
						"4.6333": [0, 0, 4],
						"4.7": [0, 0, 0]
					}
				}
			},
			"sound_effects": {
				"0.1667": {
					"effect": "m4a1_inspect_01"
				},
				"0.9": {
					"effect": "m4a1_inspect_02"
				},
				"2.2": {
					"effect": "m4a1_reload_fast_magout_v2"
				},
				"3.4667": {
					"effect": "p01_ar_mike4_hybrid01_off_arm"
				},
				"3.8333": {
					"effect": "p01_ar_mike4_reload_empty_rattle"
				},
				"4.4333": {
					"effect": "p01_ar_mike4_inspect_empty_rack"
				},
				"5.3333": {
					"effect": "m4a1_inspect_03"
				},
				"6.2": {
					"effect": "m4a1_reload_fast_magin_v2_01"
				},
				"6.4667": {
					"effect": "m4a1_reload_empty_magin_v2_02"
				},
				"7.1": {
					"effect": "p01_ar_mike4_inspect_empty_charge"
				},
				"7.2333": {
					"effect": "p01_ar_mike4_inspect_empty_handle"
				},
				"7.6": {
					"effect": "m4a1_inspect_05"
				}
			}
		},
		"shoot": {
			"animation_length": 0.63333,
			"bones": {
				"bolt": {
					"position": {
						"0.0": [0, 0, 0],
						"0.0333": [0, 0, 5],
						"0.0667": [0, 0, 0]
					}
				},
				"root": {
					"rotation": {
						"0.0": [0, 0, 0],
						"0.0333": [1.225, 0, 0.725],
						"0.0667": [-0.595, 0, -1.175],
						"0.1": [-0.72, 0, -1.225],
						"0.1667": [0.18, 0, 0.525],
						"0.2667": [0.45, 0, -0.25],
						"0.3667": [0.225, -0.2, 0.25],
						"0.5": [0.055, -0.075, -0.075],
						"0.6333": [0, 0, 0]
					},
					"position": {
						"0.0": [0, 0, 0],
						"0.0333": [0, -0.025, 1.725],
						"0.0667": [0, -0.05, 1.38],
						"0.1333": [0, -0.05, -0.045],
						"0.2667": [0, -0.025, 0.1],
						"0.3667": [0, 0, 0]
					}
				},
				"camera": {
					"rotation": {
						"0.0": {
							"post": [0, 0, 0],
							"lerp_mode": "catmullrom"
						},
						"0.0333": {
							"post": [0, 0, 0.6],
							"lerp_mode": "catmullrom"
						},
						"0.0667": {
							"post": [0, 0, -0.4],
							"lerp_mode": "catmullrom"
						},
						"0.1": {
							"post": [0, 0, 0.375],
							"lerp_mode": "catmullrom"
						},
						"0.1667": {
							"post": [0, 0, -0.225],
							"lerp_mode": "catmullrom"
						},
						"0.2333": {
							"post": [0, 0, 0.075],
							"lerp_mode": "catmullrom"
						},
						"0.3": {
							"post": [0, 0, 0],
							"lerp_mode": "catmullrom"
						}
					}
				}
			}
		},
		"draw": {
			"animation_length": 0.78431,
			"bones": {
				"root": {
					"rotation": {
						"0.0": [30.00673, -2.0705, -27.00752],
						"0.3137": {
							"pre": [1.26636, -2.72255, -1.21189],
							"post": [1.26636, -2.72255, -1.21189],
							"lerp_mode": "catmullrom"
						},
						"0.549": {
							"post": [-0.065, -0.095, 0.79],
							"lerp_mode": "catmullrom"
						},
						"0.6667": {
							"post": [0, -0.03, 0.1],
							"lerp_mode": "catmullrom"
						},
						"0.7843": [0, 0, 0]
					},
					"position": {
						"0.0": [0.0625, -3.14062, 13.32813],
						"0.1961": {
							"pre": [0.275, -1.45, -0.38438],
							"post": [0.275, -1.45, -0.38438],
							"lerp_mode": "catmullrom"
						},
						"0.3529": {
							"post": [0.09, -0.56, -1.2],
							"lerp_mode": "catmullrom"
						},
						"0.4706": {
							"post": [-0.05, -0.075, 0.265],
							"lerp_mode": "catmullrom"
						},
						"0.5882": {
							"post": [0, 0, 0],
							"lerp_mode": "catmullrom"
						},
						"0.7451": {
							"post": [0, 0, 0],
							"lerp_mode": "catmullrom"
						}
					}
				},
				"lefthand": {
					"rotation": {
						"0.0": [92.44585, -22.23047, -119.50882],
						"0.2353": [96.3949, -30.74097, -137.03831]
					},
					"position": {
						"0.0": [15.57, -23.23, -4.95],
						"0.2353": [8.05, -11.75, -5]
					},
					"scale": [1, 1.5, 1]
				},
				"righthand": {
					"rotation": [91.51126, 6.99759, -179.81584],
					"position": [-6.875, -13.825, 6.8],
					"scale": [1, 1.5, 1]
				},
				"camera": {
					"rotation": {
						"0.0": {
							"post": [0, 0, 0],
							"lerp_mode": "catmullrom"
						},
						"0.1961": {
							"post": [0.225, -0.2, -0.375],
							"lerp_mode": "catmullrom"
						},
						"0.4314": {
							"post": [-0.22, 0.15, 0.1],
							"lerp_mode": "catmullrom"
						},
						"0.5882": {
							"post": [0.03, 0, -0.02],
							"lerp_mode": "catmullrom"
						},
						"0.7451": {
							"post": [0, 0, 0],
							"lerp_mode": "catmullrom"
						}
					}
				}
			},
			"sound_effects": {
				"0.0": {
					"effect": "m4a1_raise_v2"
				}
			}
		},
		"put_away": {
			"animation_length": 0.53333,
			"bones": {
				"root": {
					"rotation": {
						"0.0": {
							"post": [0, 0, 0],
							"lerp_mode": "catmullrom"
						},
						"0.0667": {
							"post": [-0.51171, -0.5301, -4.19401],
							"lerp_mode": "catmullrom"
						},
						"0.1333": {
							"post": [2.46882, -5.40679, -3.99382],
							"lerp_mode": "catmullrom"
						},
						"0.2333": {
							"post": [12.74519, -25.35519, 12.7657],
							"lerp_mode": "catmullrom"
						},
						"0.4": {
							"post": [32.04283, -33.29116, 21.60153],
							"lerp_mode": "catmullrom"
						},
						"0.5": {
							"post": [49.81196, -45.49555, 20.27054],
							"lerp_mode": "catmullrom"
						}
					},
					"position": {
						"0.0": {
							"post": [0, 0, 0],
							"lerp_mode": "catmullrom"
						},
						"0.0667": {
							"post": [-0.075, -0.49, 0.28],
							"lerp_mode": "catmullrom"
						},
						"0.1333": {
							"post": [-0.57, -1.47, 0.34],
							"lerp_mode": "catmullrom"
						},
						"0.2333": {
							"post": [-2.51, -3.42, 0.06],
							"lerp_mode": "catmullrom"
						},
						"0.4": {
							"post": [-2.23, -7.375, -0.335],
							"lerp_mode": "catmullrom"
						},
						"0.5333": {
							"post": [-2.55, -13.425, -0.35],
							"lerp_mode": "catmullrom"
						}
					}
				},
				"lefthand": {
					"rotation": {
						"0.0": [96.3949, -30.74097, -137.03831],
						"0.2": [156.62844, -0.35344, -245.73276]
					},
					"position": {
						"0.0": [8.05, -11.75, -5],
						"0.1": [9.745, -10.635, -4.995],
						"0.2": [8.42, -7.92, -1.745]
					},
					"scale": [1, 1.5, 1]
				},
				"righthand": {
					"rotation": [91.51126, 6.99759, -179.81584],
					"position": [-6.875, -13.825, 6.8],
					"scale": [1, 1.5, 1]
				},
				"camera": {
					"rotation": {
						"0.0": {
							"post": [0, 0, 0],
							"lerp_mode": "catmullrom"
						},
						"0.1333": {
							"post": [0.3, 0, -0.125],
							"lerp_mode": "catmullrom"
						},
						"0.2333": {
							"post": [0.64, 0, 0.3],
							"lerp_mode": "catmullrom"
						},
						"0.3333": {
							"post": [0.5, 0, 0.15],
							"lerp_mode": "catmullrom"
						},
						"0.5": {
							"post": [0, 0, 0],
							"lerp_mode": "catmullrom"
						}
					}
				}
			},
			"sound_effects": {
				"0.1": {
					"effect": "p01_ar_mike4_drop"
				}
			}
		},
		"inspect": {
			"animation_length": 7.8667,
			"bones": {
				"lefthand": {
					"rotation": {
						"0.0": [96.3949, -30.74097, -137.03831],
						"0.1333": [99.49924, -14.05927, -169.79427],
						"2.4": [99.49924, -14.05927, -169.79427],
						"2.6": [121.60711, -3.77449, -183.61012],
						"3.3667": [121.60711, -3.77449, -183.61012],
						"3.4333": [136.60711, -3.77449, -183.61012],
						"4.2333": [136.60711, -3.77449, -183.61012],
						"4.3333": [121.60711, -3.77449, -183.61012],
						"4.9667": [121.60711, -3.77449, -183.61012],
						"5.0333": [117.4217, -14.33855, -180.24921],
						"5.1333": [104.62161, -32.13652, -141.20735],
						"5.2": [71.42154, -44.00184, -115.17944],
						"7.1667": [71.42154, -44.00184, -115.17944],
						"7.3333": [96.3949, -30.74097, -137.03831]
					},
					"position": {
						"0.0": [8.05, -11.75, -5],
						"0.0667": [7.84, -13.49, -3.37],
						"0.1333": [8.125, -12.925, 0.38],
						"2.4": [8.125, -12.925, 0.38],
						"2.5": [8.655, -14.745, 0.8],
						"2.6": [6.625, -16.15, 1.43],
						"3.3667": [6.63, -16.15, 1.43],
						"3.4333": [8.13, -16.15, 1.43],
						"4.2333": [8.13, -16.15, 1.43],
						"4.3333": [6.63, -16.15, 1.43],
						"4.9667": [6.625, -16.15, 1.43],
						"5.0333": [7.39571, -17.21299, 0.87783],
						"5.0667": [8.61854, -15.71817, -0.03298],
						"5.1333": [8.85, -12.9, -1.77],
						"5.2": [7.555, -10.575, -2.395],
						"7.1667": [7.555, -10.575, -2.395],
						"7.3333": [8.05, -11.75, -5]
					},
					"scale": [1, 1.5, 1]
				},
				"righthand": {
					"rotation": {
						"0.0": [91.51126, 6.99759, -179.81584],
						"1.7": [91.51, 7, -179.82],
						"1.7333": [98.85138, 26.30322, -173.74042],
						"1.7667": [110.8827, 2.02799, -172.9332],
						"1.8": [117.33359, 1.09364, -168.20493],
						"1.8333": [118.85, 0, -169.23],
						"1.9": [119.84457, -11.99574, -154.87825],
						"1.9333": [122.1031, -10.32561, -161.32185],
						"2.0667": [122.1031, -10.32561, -161.32185],
						"2.1": [113.49488, 11.56259, -169.74745],
						"2.2": [92.26784, 16.41392, -175.33659],
						"2.2667": [91.51, 7, -179.82],
						"5.2333": [91.51, 7, -179.82],
						"5.3333": [124.21707, 10.38543, -125.82172],
						"5.4333": [94.66246, -0.0296, -98.37415],
						"5.4667": [93.45347, -6.79301, -87.82245],
						"6.1667": [93.45347, -6.79301, -87.82245],
						"6.2": [95.59825, -13.20421, -84.11017],
						"6.4667": [95.59825, -13.20421, -84.11017],
						"6.6333": [96.17595, -12.94775, -86.66319],
						"6.7333": [96.17595, -12.94775, -86.66319],
						"6.9333": [96.17595, -12.94775, -86.66319],
						"7.1333": [91.51, 7, -179.82]
					},
					"position": {
						"0.0": [-6.875, -13.825, 6.8],
						"1.7": [-6.87, -13.82, 6.8],
						"1.7333": [-7.855, -13.93, 5.66],
						"1.8": [-8.185, -14.035, 3.815],
						"1.8333": [-8.51, -13.135, 2.47],
						"1.8667": [-8.57, -12.815, 2.47],
						"1.9": [-8.63, -12.12, 2.47],
						"1.9333": [-8.975, -10.82, 2.47],
						"2.0667": [-8.975, -10.82, 2.47],
						"2.2": [-7.855, -13.93, 5.66],
						"2.2667": [-6.87, -13.82, 6.8],
						"5.2333": [-6.87, -13.82, 6.8],
						"5.3333": [-10.215, -9.57, 8.685],
						"5.4": [-7.88, -7.365, 9.66],
						"5.4333": [-6.72, -7.42, 9.975],
						"5.4667": [-6.02, -7.42, 9.425],
						"5.5667": [-6.02, -7.42, 9.425],
						"5.6333": [-6.02, -7.42, 11.58],
						"6.1667": [-6.02, -7.42, 11.58],
						"6.2": [-6.22, -7.62, 12.33],
						"6.4667": [-6.22, -7.62, 12.33],
						"6.6333": [-9.02, -10.045, 10.38],
						"6.7333": [-9.02, -10.045, 10.38],
						"6.7667": [-9.02, -10.05, 9.45],
						"6.8667": [-9.02, -10.05, 9.45],
						"6.9333": [-9.02, -10.045, 10.205],
						"6.9667": [-9.07, -10.33, 10.44],
						"7.0333": [-9.16875, -10.8925, 11.25],
						"7.1333": [-6.87, -13.82, 8.875],
						"7.2": [-6.87, -13.82, 6.8]
					},
					"scale": [1, 1.5, 1]
				},
				"root": {
					"rotation": {
						"0.0": {
							"post": [0, 0, 0],
							"lerp_mode": "catmullrom"
						},
						"0.1": {
							"post": [-2.92794, -1.45516, -4.08685],
							"lerp_mode": "catmullrom"
						},
						"0.2": {
							"post": [-6.23342, -0.06771, 6.84998],
							"lerp_mode": "catmullrom"
						},
						"0.2667": {
							"post": [-15.68551, 2.7218, 27.95326],
							"lerp_mode": "catmullrom"
						},
						"0.3667": {
							"post": [-26.33751, 20.61309, 45.54135],
							"lerp_mode": "catmullrom"
						},
						"0.4333": {
							"post": [-28.00547, 42.56983, 66.19136],
							"lerp_mode": "catmullrom"
						},
						"0.6": {
							"post": [-29.45998, 42.56019, 63.40711],
							"lerp_mode": "catmullrom"
						},
						"0.9": {
							"post": [-29.08729, 42.57667, 64.83091],
							"lerp_mode": "catmullrom"
						},
						"1.0667": {
							"post": [-25.18663, 45.11926, 71.68477],
							"lerp_mode": "catmullrom"
						},
						"1.2": {
							"post": [-25.55721, 45.49448, 71.72208],
							"lerp_mode": "catmullrom"
						},
						"1.4": {
							"post": [-26.235, 46.0275, 71.58375],
							"lerp_mode": "catmullrom"
						},
						"1.6": {
							"post": [-26.91569, 45.1771, 70.74864],
							"lerp_mode": "catmullrom"
						},
						"1.7333": {
							"post": [-31.09882, 41.80053, 65.88361],
							"lerp_mode": "catmullrom"
						},
						"1.8667": {
							"post": [-33.875, 40.0375, 63.09375],
							"lerp_mode": "catmullrom"
						},
						"1.9667": {
							"post": [-33.83334, 38.52552, 61.85168],
							"lerp_mode": "catmullrom"
						},
						"2.1333": {
							"post": [-34.00105, 36.84236, 60.22072],
							"lerp_mode": "catmullrom"
						},
						"2.2333": {
							"post": [-32.49069, 36.13335, 58.92364],
							"lerp_mode": "catmullrom"
						},
						"2.3333": {
							"post": [-28.53, 34.325, 54.2375],
							"lerp_mode": "catmullrom"
						},
						"2.5333": {
							"post": [-31.695, -6.02, -4.4475],
							"lerp_mode": "catmullrom"
						},
						"2.6333": {
							"post": [-31.7077, -20.32777, -27.91905],
							"lerp_mode": "catmullrom"
						},
						"2.7667": {
							"post": [-33.13341, -18.48017, -29.52559],
							"lerp_mode": "catmullrom"
						},
						"2.8333": {
							"post": [-29.24259, -20.6357, -35.75424],
							"lerp_mode": "catmullrom"
						},
						"2.9333": {
							"post": [-31.75318, -20.27906, -31.83003],
							"lerp_mode": "catmullrom"
						},
						"3.0667": {
							"post": [-30.87104, -20.98924, -33.51461],
							"lerp_mode": "catmullrom"
						},
						"3.3": {
							"post": [-30.96973, -20.31933, -32.90717],
							"lerp_mode": "catmullrom"
						},
						"3.7": {
							"post": [-31.19165, -20.8001, -33.83378],
							"lerp_mode": "catmullrom"
						},
						"4.2667": {
							"post": [-31.54585, -20.53484, -33.31358],
							"lerp_mode": "catmullrom"
						},
						"4.4": {
							"post": [-31.10621, -20.96141, -34.23635],
							"lerp_mode": "catmullrom"
						},
						"4.5667": {
							"post": [-27.57602, -24.53818, -41.79788],
							"lerp_mode": "catmullrom"
						},
						"4.6667": {
							"post": [-27.47758, -23.75677, -39.95647],
							"lerp_mode": "catmullrom"
						},
						"4.8333": {
							"post": [-27.46216, -24.37922, -41.42702],
							"lerp_mode": "catmullrom"
						},
						"4.8667": {
							"post": [-29.07756, -20.82572, -33.81444],
							"lerp_mode": "catmullrom"
						},
						"4.9333": {
							"post": [-26.04941, -24.49362, -42.11922],
							"lerp_mode": "catmullrom"
						},
						"5.0": {
							"post": [-30.91574, -20.60051, -33.59982],
							"lerp_mode": "catmullrom"
						},
						"5.1": {
							"post": [-32.315, -10.26, -14.76],
							"lerp_mode": "catmullrom"
						},
						"5.1667": {
							"post": [-33.94954, 1.00031, 5.72823],
							"lerp_mode": "catmullrom"
						},
						"5.3": {
							"post": [-27.08709, 24.26739, 57.28414],
							"lerp_mode": "catmullrom"
						},
						"5.4": {
							"post": [-25.94722, 23.84349, 60.69646],
							"lerp_mode": "catmullrom"
						},
						"5.5667": {
							"post": [-25.58866, 19.38103, 58.3156],
							"lerp_mode": "catmullrom"
						},
						"5.6333": {
							"post": [-27.60556, 18.8553, 57.17696],
							"lerp_mode": "catmullrom"
						},
						"5.7333": {
							"post": [-26.92797, 20.83597, 59.80573],
							"lerp_mode": "catmullrom"
						},
						"5.8667": {
							"post": [-26.75457, 20.21697, 59.23198],
							"lerp_mode": "catmullrom"
						},
						"6.1667": {
							"post": [-27.085, 21.11375, 57.28],
							"lerp_mode": "catmullrom"
						},
						"6.2": {
							"post": [-27.43557, 18.42357, 53.99959],
							"lerp_mode": "catmullrom"
						},
						"6.2667": {
							"post": [-26.58571, 20.69554, 58.06568],
							"lerp_mode": "catmullrom"
						},
						"6.3333": {
							"post": [-27.48896, 21.23165, 55.75288],
							"lerp_mode": "catmullrom"
						},
						"6.4333": {
							"post": [-27.145, 19.02375, 56.21],
							"lerp_mode": "catmullrom"
						},
						"6.5333": {
							"post": [-27.05184, 14.53189, 46.81698],
							"lerp_mode": "catmullrom"
						},
						"6.6667": {
							"post": [-27.59314, 8.76989, 40.44086],
							"lerp_mode": "catmullrom"
						},
						"6.7333": {
							"post": [-27.56818, 8.12712, 40.83541],
							"lerp_mode": "catmullrom"
						},
						"6.7667": {
							"post": [-28.08726, 8.1961, 42.30351],
							"lerp_mode": "catmullrom"
						},
						"6.8333": {
							"post": [-28.05023, 8.86876, 41.80194],
							"lerp_mode": "catmullrom"
						},
						"6.9": {
							"post": [-27.47548, 8.52896, 42.23046],
							"lerp_mode": "catmullrom"
						},
						"7.0333": {
							"post": [-24.84511, 7.85978, 46.72068],
							"lerp_mode": "catmullrom"
						},
						"7.1333": {
							"post": [-23.39383, 5.15097, 41.56594],
							"lerp_mode": "catmullrom"
						},
						"7.3": {
							"post": [-5.23766, -3.13615, 7.81846],
							"lerp_mode": "catmullrom"
						},
						"7.4": {
							"post": [1.99535, -0.85991, 0.99261],
							"lerp_mode": "catmullrom"
						},
						"7.5": {
							"post": [1, -0.43, -2.52],
							"lerp_mode": "catmullrom"
						},
						"7.5667": {
							"post": [0, 0, 2.525],
							"lerp_mode": "catmullrom"
						},
						"7.6667": {
							"post": [0, 0, -0.7375],
							"lerp_mode": "catmullrom"
						},
						"7.7667": {
							"post": [0, 0, -0.53125],
							"lerp_mode": "catmullrom"
						},
						"7.9": {
							"post": [0, 0, 0],
							"lerp_mode": "catmullrom"
						}
					},
					"position": {
						"0.0": {
							"post": [0, 0, 0],
							"lerp_mode": "catmullrom"
						},
						"0.1": {
							"post": [0.08, -0.895, 0],
							"lerp_mode": "catmullrom"
						},
						"0.2333": {
							"post": [-0.15, -0.29, -0.76],
							"lerp_mode": "catmullrom"
						},
						"0.3333": {
							"post": [-0.395, 1.03, -1.545],
							"lerp_mode": "catmullrom"
						},
						"0.4333": {
							"post": [-0.665, 1.425, -1.86],
							"lerp_mode": "catmullrom"
						},
						"0.5667": {
							"post": [-0.515, 1.3, -1.525],
							"lerp_mode": "catmullrom"
						},
						"0.7": {
							"post": [-0.59, 1.425, -1.63],
							"lerp_mode": "catmullrom"
						},
						"0.9": {
							"post": [-0.69, 1.425, -1.575],
							"lerp_mode": "catmullrom"
						},
						"1.1667": {
							"post": [-0.665, 1.35, -1.57],
							"lerp_mode": "catmullrom"
						},
						"1.4333": {
							"post": [-0.615, 1.38, -1.585],
							"lerp_mode": "catmullrom"
						},
						"1.6667": {
							"post": [-0.59, 1.4, -1.575],
							"lerp_mode": "catmullrom"
						},
						"1.9": {
							"post": [-0.79, 0.92, -1.455],
							"lerp_mode": "catmullrom"
						},
						"2.2333": {
							"post": [-0.665, 0.92, -1.455],
							"lerp_mode": "catmullrom"
						},
						"2.3333": {
							"post": [-0.765, 0.795, -1.455],
							"lerp_mode": "catmullrom"
						},
						"2.4667": {
							"post": [-0.775, 0.005, -1.205],
							"lerp_mode": "catmullrom"
						},
						"2.6": {
							"post": [-0.74, 0.87, -0.98],
							"lerp_mode": "catmullrom"
						},
						"2.7667": {
							"post": [-0.485, 0.72, -0.98],
							"lerp_mode": "catmullrom"
						},
						"2.8333": {
							"post": [-1.035, 1.345, -1.03],
							"lerp_mode": "catmullrom"
						},
						"3.0": {
							"post": [-1.025, 1.025, -0.98],
							"lerp_mode": "catmullrom"
						},
						"3.2": {
							"post": [-0.81, 0.87, -0.98],
							"lerp_mode": "catmullrom"
						},
						"3.5": {
							"post": [-0.86, 0.91, -0.98],
							"lerp_mode": "catmullrom"
						},
						"3.8333": {
							"post": [-0.86, 0.995, -0.98],
							"lerp_mode": "catmullrom"
						},
						"4.1": {
							"post": [-0.84, 0.965, -0.98],
							"lerp_mode": "catmullrom"
						},
						"4.3": {
							"post": [-0.81, 0.89, -0.98],
							"lerp_mode": "catmullrom"
						},
						"4.5333": {
							"post": [-0.215, 0.57, -0.98],
							"lerp_mode": "catmullrom"
						},
						"4.6667": {
							"post": [-0.265, 0.895, -0.98],
							"lerp_mode": "catmullrom"
						},
						"4.7667": {
							"post": [-0.205, 0.96, -0.98],
							"lerp_mode": "catmullrom"
						},
						"4.8333": {
							"post": [-0.265, 0.945, -0.98],
							"lerp_mode": "catmullrom"
						},
						"4.8667": {
							"post": [0.11, 0.22, -0.98],
							"lerp_mode": "catmullrom"
						},
						"4.9333": {
							"post": [0.15, 0.38, -0.98],
							"lerp_mode": "catmullrom"
						},
						"5.0333": {
							"post": [0.01, 0.17, -0.98],
							"lerp_mode": "catmullrom"
						},
						"5.1667": {
							"post": [-0.875, -0.73, -1.34],
							"lerp_mode": "catmullrom"
						},
						"5.3": {
							"post": [-0.99, 1.07, -0.93],
							"lerp_mode": "catmullrom"
						},
						"5.4333": {
							"post": [-0.985, 1.395, -0.93],
							"lerp_mode": "catmullrom"
						},
						"5.5667": {
							"post": [-0.985, 1.435, -0.93],
							"lerp_mode": "catmullrom"
						},
						"5.6333": {
							"post": [-0.985, 1.245, -0.93],
							"lerp_mode": "catmullrom"
						},
						"5.7333": {
							"post": [-0.985, 1.265, -0.93],
							"lerp_mode": "catmullrom"
						},
						"5.9333": {
							"post": [-0.985, 1.22, -0.93],
							"lerp_mode": "catmullrom"
						},
						"6.1": {
							"post": [-0.985, 1.245, -0.925],
							"lerp_mode": "catmullrom"
						},
						"6.1667": {
							"post": [-0.97875, 1.195, -1.075],
							"lerp_mode": "catmullrom"
						},
						"6.2": {
							"post": [-0.975, 1.275, -1.32],
							"lerp_mode": "catmullrom"
						},
						"6.3667": {
							"post": [-0.955, 1.025, -1.05],
							"lerp_mode": "catmullrom"
						},
						"6.4333": {
							"post": [-0.785, 1.025, -0.855],
							"lerp_mode": "catmullrom"
						},
						"6.5333": {
							"post": [-0.55, 0.885, -0.71],
							"lerp_mode": "catmullrom"
						},
						"6.6667": {
							"post": [-0.075, 0.825, -0.525],
							"lerp_mode": "catmullrom"
						},
						"6.7333": {
							"post": [-0.055, 0.755, -0.61],
							"lerp_mode": "catmullrom"
						},
						"6.8": {
							"post": [0.005, 0.655, -0.93],
							"lerp_mode": "catmullrom"
						},
						"6.9": {
							"post": [0.005, 0.625, -0.795],
							"lerp_mode": "catmullrom"
						},
						"7.1333": {
							"post": [-0.05, 0.755, -1.33],
							"lerp_mode": "catmullrom"
						},
						"7.3": {
							"post": [0.09, -0.95, -2.08],
							"lerp_mode": "catmullrom"
						},
						"7.4333": {
							"post": [0, -0.475, -1.7],
							"lerp_mode": "catmullrom"
						},
						"7.5333": {
							"post": [0, -0.10625, 0.15],
							"lerp_mode": "catmullrom"
						},
						"7.6667": {
							"post": [0, 0, -0.11875],
							"lerp_mode": "catmullrom"
						},
						"7.8333": {
							"post": [0, 0, 0],
							"lerp_mode": "catmullrom"
						}
					}
				},
				"magazine_and_hand": {
					"rotation": {
						"2.7667": [0, 0, 0],
						"2.8333": {
							"pre": [0, 0, 0],
							"post": [0, 0, 0],
							"lerp_mode": "catmullrom"
						},
						"2.9": {
							"post": [9.203, -2.00169, -11.09877],
							"lerp_mode": "catmullrom"
						},
						"2.9667": {
							"post": [-2.89032, -3.53535, 2.06985],
							"lerp_mode": "catmullrom"
						},
						"3.0333": {
							"post": [-7.58646, -4.0264, 8.70465],
							"lerp_mode": "catmullrom"
						},
						"3.2": [-7.67616, -5.11571, 9.98963],
						"3.3667": [-7.70946, -6.83347, 10.3497],
						"3.4667": [31.2, 12.59, 75.22],
						"3.5333": [44.51426, 20.8106, 112.23175],
						"3.7": [47.07875, 23.37875, 119.41],
						"3.9333": [46.2225, 20.81, 117.48875],
						"4.2": [44.7, 20.81, 117.13],
						"4.2667": [30.1, 10.61, 78.55],
						"4.3333": [1.29145, -9.7762, 1.48473],
						"4.4333": [5.1433, -1.20887, -5.04347],
						"4.5": [-0.75, 0, 0],
						"4.6333": [0, 0, 0],
						"4.7": [0, 0, 0],
						"4.8333": [0, 0, 0],
						"4.8667": [0, 0, 0]
					},
					"position": {
						"2.7667": [0, 0, 0],
						"2.8333": {
							"pre": [0.175, -7.06, 0.97],
							"post": [0.175, -7.06, 0.97],
							"lerp_mode": "catmullrom"
						},
						"2.9": {
							"post": [2.05719, -9.57491, 1.73318],
							"lerp_mode": "catmullrom"
						},
						"2.9667": {
							"post": [4.04785, -7.1694, 1.1623],
							"lerp_mode": "catmullrom"
						},
						"3.0667": {
							"post": [4.90917, -6.70004, 0.75521],
							"lerp_mode": "catmullrom"
						},
						"3.2333": {
							"post": [5.09526, -5.89847, 0.88375],
							"lerp_mode": "catmullrom"
						},
						"3.3667": {
							"post": [5.26583, -5.67508, 0.71231],
							"lerp_mode": "catmullrom"
						},
						"3.5": {
							"post": [6.39781, -5.96163, 0.11955],
							"lerp_mode": "catmullrom"
						},
						"3.6667": {
							"post": [6.52602, -5.80959, -0.02997],
							"lerp_mode": "catmullrom"
						},
						"4.2333": [6.50082, -5.83846, 0.00031],
						"4.4": [1.19723, -5.38675, 0.94906],
						"4.5": [0, -3.8, 0.2],
						"4.5667": [0, -3.805, 0.1],
						"4.6333": [0, -3.65, 0],
						"4.7": [0, -3.075, 0],
						"4.8333": [0, -2.89, 0],
						"4.8667": [0, 0, 0]
					}
				},
				"gun_and_hand": {
					"rotation": {
						"2.8667": [0, 0, 0],
						"4.5333": [0, 0, 0]
					},
					"position": {
						"2.8667": {
							"pre": [0, 0, 0],
							"post": [0, 0, 0],
							"lerp_mode": "catmullrom"
						},
						"3.2333": {
							"post": [-0.4984, -0.50383, 0.55979],
							"lerp_mode": "catmullrom"
						},
						"3.6667": {
							"post": [-0.60824, -0.55716, 0.65883],
							"lerp_mode": "catmullrom"
						},
						"4.3667": {
							"post": [-0.38641, -0.48904, 0.49367],
							"lerp_mode": "catmullrom"
						},
						"4.5333": {
							"post": [0, 0, 0],
							"lerp_mode": "catmullrom"
						}
					}
				},
				"charge_handle": {
					"position": {
						"0.0": [0, 0, 0],
						"5.6": [0, 0, 1],
						"5.6333": [0, 0, 2],
						"6.1667": [0, 0, 2],
						"6.2": [0, 0, 0]
					}
				},
				"dust_cover": {
					"rotation": {
						"1.8333": [0, 0, 0],
						"1.9": [0, 0, 75],
						"1.9333": [0, 0, 180],
						"5.5667": [0, 0, 180],
						"5.6333": [0, 0, 0],
						"5.7": [0, 0, 7],
						"5.7667": [0, 0, 0]
					}
				},
				"MagazineCatch": {
					"position": {
						"2.7": [0, 0, 0],
						"2.7333": [0.125, 0, 0],
						"3.0": [0.125, 0, 0],
						"3.0333": [0, 0, 0],
						"4.8333": [0, 0, 0],
						"4.8667": [0.125, 0, 0],
						"4.9": [0.125, 0, 0],
						"4.9333": [0, 0, 0]
					}
				},
				"additional_magazine": {
					"scale": 0
				},
				"bullet": {
					"scale": 0
				},
				"camera": {
					"rotation": {
						"0.0": {
							"post": [0, 0, 0],
							"lerp_mode": "catmullrom"
						},
						"0.2": {
							"post": [0.215, 0, 0],
							"lerp_mode": "catmullrom"
						},
						"0.5333": {
							"post": [3.125, -0.25, 0.8],
							"lerp_mode": "catmullrom"
						},
						"0.7333": {
							"post": [2.745, -0.25, 1],
							"lerp_mode": "catmullrom"
						},
						"1.3333": {
							"post": [3.25, -0.275, 0.8],
							"lerp_mode": "catmullrom"
						},
						"1.6667": {
							"post": [3.08, -0.275, 0.8],
							"lerp_mode": "catmullrom"
						},
						"1.8333": {
							"post": [1.925, -0.275, 0.725],
							"lerp_mode": "catmullrom"
						},
						"2.2667": {
							"post": [1.67, -0.25, 0.725],
							"lerp_mode": "catmullrom"
						},
						"2.5667": {
							"post": [2.79, 0.39, -0.865],
							"lerp_mode": "catmullrom"
						},
						"2.7667": {
							"post": [3.02, 0.44, -1.12],
							"lerp_mode": "catmullrom"
						},
						"2.8": {
							"post": [3.49, 0.42, -1.8],
							"lerp_mode": "catmullrom"
						},
						"2.8333": {
							"post": [3.82, 0.3, -0.325],
							"lerp_mode": "catmullrom"
						},
						"2.9333": {
							"post": [3, -0.42, -1.325],
							"lerp_mode": "catmullrom"
						},
						"3.0333": {
							"post": [3.38, -1.3, -0.72],
							"lerp_mode": "catmullrom"
						},
						"3.1667": {
							"post": [3.225, -2.125, -1.05],
							"lerp_mode": "catmullrom"
						},
						"3.6667": {
							"post": [3.055, -2.375, -1.125],
							"lerp_mode": "catmullrom"
						},
						"4.2333": {
							"post": [3.335, -2.375, -1.125],
							"lerp_mode": "catmullrom"
						},
						"4.5": {
							"post": [2.14, 0.64, -0.81],
							"lerp_mode": "catmullrom"
						},
						"4.5667": {
							"post": [1.63, 1.175, -0.925],
							"lerp_mode": "catmullrom"
						},
						"4.6667": {
							"post": [1.94, 1.19, -0.77],
							"lerp_mode": "catmullrom"
						},
						"4.8333": {
							"post": [1.895, 1.12, -0.85],
							"lerp_mode": "catmullrom"
						},
						"4.8667": {
							"post": [2.33, 1.1, -1.485],
							"lerp_mode": "catmullrom"
						},
						"4.9": {
							"post": [2.62, 1.09, -0.09],
							"lerp_mode": "catmullrom"
						},
						"4.9667": {
							"post": [1.355, 1.06, -1.095],
							"lerp_mode": "catmullrom"
						},
						"5.0667": {
							"post": [1.43, 1.27, -0.61],
							"lerp_mode": "catmullrom"
						},
						"5.2": {
							"post": [0.06, 1.87, -0.22],
							"lerp_mode": "catmullrom"
						},
						"5.3": {
							"post": [-0.945, 2.275, 0.85],
							"lerp_mode": "catmullrom"
						},
						"5.5333": {
							"post": [-1.295, 2.275, 1.125],
							"lerp_mode": "catmullrom"
						},
						"5.5667": {
							"post": [-1.09, 2.26, 0.74],
							"lerp_mode": "catmullrom"
						},
						"5.6333": {
							"post": [-0.55, 2.2, 1.505],
							"lerp_mode": "catmullrom"
						},
						"5.7667": {
							"post": [-0.795, 2.06, 0.57],
							"lerp_mode": "catmullrom"
						},
						"5.9333": {
							"post": [-0.72, 1.925, 0.85],
							"lerp_mode": "catmullrom"
						},
						"6.1667": {
							"post": [-0.8, 2.07, 0.91],
							"lerp_mode": "catmullrom"
						},
						"6.2": {
							"post": [-0.41, 2.1, -0.275],
							"lerp_mode": "catmullrom"
						},
						"6.2333": {
							"post": [-0.145, 2.12, 1.73],
							"lerp_mode": "catmullrom"
						},
						"6.3333": {
							"post": [-1.195, 2.19, 0.36],
							"lerp_mode": "catmullrom"
						},
						"6.4667": {
							"post": [-0.72, 2.225, 1.2],
							"lerp_mode": "catmullrom"
						},
						"6.6": {
							"post": [0.06, 2.02, 1.05],
							"lerp_mode": "catmullrom"
						},
						"6.7": {
							"post": [0.57, 1.86, 0.99],
							"lerp_mode": "catmullrom"
						},
						"6.7667": {
							"post": [0.68, 1.775, 1],
							"lerp_mode": "catmullrom"
						},
						"6.8667": {
							"post": [0.96, 1.8, 1.08],
							"lerp_mode": "catmullrom"
						},
						"7.1": {
							"post": [1.105, 1.725, 1.15],
							"lerp_mode": "catmullrom"
						},
						"7.4": {
							"post": [0.625, 0.25, -0.25],
							"lerp_mode": "catmullrom"
						},
						"7.5333": {
							"post": [-0.225, 0, 0.425],
							"lerp_mode": "catmullrom"
						},
						"7.6": {
							"post": [0.225, 0, -0.45],
							"lerp_mode": "catmullrom"
						},
						"7.7": {
							"post": [-0.15, 0, 0.125],
							"lerp_mode": "catmullrom"
						},
						"7.8333": {
							"post": [0, 0, 0],
							"lerp_mode": "catmullrom"
						}
					}
				}
			},
			"sound_effects": {
				"0.1667": {
					"effect": "m4a1_inspect_01"
				},
				"0.9": {
					"effect": "m4a1_inspect_02"
				},
				"1.9333": {
					"effect": "weap_mike4_deadtrigger_plr_02"
				},
				"2.1": {
					"effect": "m4a1_inspect_03"
				},
				"2.8": {
					"effect": "m4a1_reload_fast_magout_v2"
				},
				"4.5333": {
					"effect": "m4a1_reload_fast_magin_v2_01"
				},
				"4.8": {
					"effect": "m4a1_reload_empty_magin_v2_02"
				},
				"5.1": {
					"effect": "m4a1_reload_fast_lift_v2"
				},
				"5.5333": {
					"effect": "p01_dm_msecho_inspect_bolt"
				},
				"5.6": {
					"effect": "p01_dm_msecho_inspect_finger"
				},
				"6.0333": {
					"effect": "p01_dm_msecho_inspect_boltrelease"
				},
				"6.2667": {
					"effect": "p01_dm_msecho_inspect_maginmvt"
				},
				"6.7": {
					"effect": "p01_dm_msecho_inspect_boltclick"
				},
				"7.1": {
					"effect": "m4a1_inspect_05"
				}
			}
		}
	}
}