{
  "ammo": "tacz:556x45",
  "ammo_amount": 35,
  "extended_mag_ammo_amount": [
    45,
    55,
    75
  ],
  "bolt": "closed_bolt",
  "rpm": 750,
  "bullet": {
    "life": 0.75,
    "bullet_amount": 1,
    "damage": 8,
    "tracer_count_interval": 0,
    "extra_damage": {
      "armor_ignore": 0.25,
      "head_shot_multiplier": 1.5,
      "damage_adjust": [
        {"distance": 0.6, "damage": 8.5},
        {"distance": 30, "damage": 7},
        {"distance": 60, "damage": 6},
        {"distance": "infinite", "damage": 4}
      ]
    },
    "speed": 265,
    "gravity": 0.0245,
    "knockback": 0,
    "friction": 0.01,
    "ignite": false,
    "pierce": 1
  },
  "reload": {
    "type": "magazine",
    "feed": {
      "empty": 3.21,
      "tactical": 2.57
    },
    "cooldown": {
      "empty": 3.5,
      "tactical": 2.96
    }
  },
  "draw_time": 0.3,
  "put_away_time": 0.43,
  "aim_time": 0.2,
  "sprint_time": 0.2,
  "fire_mode": [
    "auto",
    "semi",
    "burst"
  ],
  "burst_data": {
    "continuous_shoot": false,
    "count": 3,
    "bpm": 1200,
    "min_interval": 0.3
  },
  "recoil": {
    "pitch": [
      {"time": 0, "value": [0.55, 0.55]},
      {"time": 0.3, "value": [0.55, 0.55]},
      {"time": 0.5, "value": [-0.125, -0.125]},
      {"time": 0.65, "value": [0, 0]}
    ],
    "yaw": [
      {"time": 0, "value": [0.15, 0.25]},
      {"time": 0.3, "value": [0.15, 0.25]},
      {"time": 0.5, "value": [0, 0]}
    ]
  },
  "inaccuracy": {
    "stand": 5,
    "move": 6,
    "sneak": 4.5,
    "lie": 4,
    "aim": 0.125
  },
  "allow_attachment_types": [
    "scope",
    "stock",
    "grip",
    "muzzle",
    "laser",
    "extended_mag"
  ],
  "exclusive_attachments": {
  }
}