{
  "ammo": "tacz:12g",
  "ammo_amount": 8,
  "extended_mag_ammo_amount": [
    10,
    20,
    30
  ],
  "bolt": "closed_bolt",
  "rpm": 600,
  "bullet": {
    "life": 0.3,
    "bullet_amount": 10,
    "damage": 35,
    "tracer_count_interval": 0,
    "extra_damage": {
      "armor_ignore": 1,
      "head_shot_multiplier": 2,
      "damage_adjust": [
        {"distance": 4, "damage": 35},
        {"distance": 6, "damage": 30},
        {"distance": 20, "damage": 20},
        {"distance": 29, "damage": 15},
        {"distance": "infinite", "damage": 6}
      ]
    },
    "speed": 600,
    "gravity": 0.0245,
    "knockback": 0.2,
    "friction": 0.01,
    "ignite": false,
    "pierce": 1
  },
  "reload": {
    "type": "magazine",
    "feed": {
      "empty": 3.29,
      "tactical": 2
    },
    "cooldown": {
      "empty": 3.92,
      "tactical": 3
    }
  },
  "draw_time": 0.9167,
  "put_away_time": 0.5417,
  "aim_time": 0.2,
  "sprint_time": 0.3,
  "fire_mode": [
    "semi"
  ],
  "burst_data": {
    "continuous_shoot": true,
    "count": 3,
    "bpm": 850,
    "min_interval": 0.45
  },
  "recoil": {
    "pitch": [
      {"time": 0, "value": [0.45, 0.45]},
      {"time": 0.28, "value": [0.45, 0.45]},
      {"time": 0.37, "value": [0.15, 0.15]},
      {"time": 0.52, "value": [-0.13, -0.13]},
      {"time": 0.76, "value": [0, 0]}
    ],
    "yaw": [
      {"time": 0, "value": [-0.325, -0.275]},
      {"time": 0.45, "value": [-0.125, 0]},
      {"time": 0.62, "value": [0, 0]}
    ]
  },
  "inaccuracy": {
    "stand": 5,
    "move": 3.5,
    "sneak": 3.75,
    "lie": 3.75,
    "aim": 3.75
  },
  "move_speed": {
    "base": 0.9,
    "aim": 0.72
  },
  "allow_attachment_types": [
    "scope",
    "muzzle",
    "extended_mag",
    "stock",
    "laser",
    "grip"
  ],
  "exclusive_attachments": {
    "tac:8x": {
      "weight": 2.0,
      "ads_addend": 0.04,
      "inaccuracy_addend": -0.4,
      "recoil_modifier": {
        "pitch": -0.2,
        "yaw": -0.1
      }
    },
    "melee": {
      "distance": 1,
      "cooldown": 0.7,
      "default": {
        "animation_type": "melee_stock",
        "distance": 0,
        "range_angle": 30,
        "damage": 2,
        "knockback": 0.6,
        "prep": 0.1
      }
    }
  }
}