{
    // 材料
    "materials": [
      {
        "item": {
          // 特定的某种材料
          "tag": "forge:ingots/iron"
        },
        "count": 8
      },
      {
        "item": {
          "item": "minecraft:copper_ingot"
        },
        "count": 4
      },
      {
        "item": {
          // 特定的某种材料
          "item": "minecraft:netherite_ingot"
        },
        "count": 3
      },
      {
        "item": {
          "item": "minecraft:blaze_rod"
        },
        "count": 1
      }
    ],
    // 输出结果
    "result": {
      // 类型，枪械的类型固定为 gun
      "type": "attachment",
      // 输出的枪械的 id
      "id": "starfish:g28compensator"
    }
}