{
    // 材料
    "materials": [
      {
        "item": {
          // 材料类型
          "tag": "forge:glass_panes"
        },
        "count": 2
      },
      {
        "item": {
          // 材料类型
          "tag": "forge:dusts/redstone"
        },
        "count": 2
      },
      {
        "item": {
          // 特定的某种材料
          "tag": "forge:ingots/iron"
        },
        "count": 3
      }
    ],
    // 输出结果
    "result": {
      // 类型，枪械的类型固定为 gun
      "type": "attachment",
      // 输出的枪械的 id
      "id": "starfish:grausight"
    }
}