{
    // 材料
    "materials": [
      {
        "item": {
          // 材料类型
          "tag": "forge:glass_panes"
        },
        "count": 3
      },
      {
        "item": {
          // 材料类型
          "tag": "forge:dusts/redstone"
        },
        "count": 4
      },
      {
        "item": {
          // 特定的某种材料
          "item": "minecraft:iron_nugget"
        },
        "count": 3
      },
      {
        "item": {
          "item": "minecraft:iron_ingot"
        },
        "count": 5
      },
      {
        "item": {
          "item": "minecraft:light_blue_dye"
        },
        "count": 1
      }
    ],
    // 输出结果
    "result": {
      // 类型，枪械的类型固定为 gun
      "type": "attachment",
      // 输出的枪械的 id
      "id": "starfish:sight_itrans"
    }
}